game_id,team,opponent,possessions,shotclock_forced,pressure_turnovers_forced,desperation_misses_forced
0042200405,DEN,MIA,108.12,0,6,35
0042200405,MIA,DEN,111.04,1,10,25
0042200404,MIA,DEN,100.8,2,4,23
0042200404,DEN,MIA,94.24,1,11,25
0042200403,MIA,DEN,104.36,1,11,24
0042200403,DEN,MIA,104.88,0,3,19
0042200402,DEN,MIA,97.68,0,10,24
0042200402,MIA,DEN,97.8,1,9,18
0042200401,DEN,MIA,97.8,0,5,29
0042200401,MIA,DEN,104.88,0,8,24
0042200307,BOS,MIA,102.72,2,10,33
0042200307,MIA,BOS,100.64,0,11,20
0042200306,MIA,BOS,110.76,0,8,19
0042200306,BOS,MIA,104.96000000000001,0,5,32
0042200305,BOS,MIA,96.36,0,13,19
0042200305,MIA,BOS,98.4,1,8,18
0042200304,MIA,BOS,105.32,0,9,19
0042200304,BOS,MIA,101.92,1,10,20
0042200314,LAL,DEN,103.44,3,8,23
0042200314,DEN,LAL,102.68,0,4,20
0042200303,MIA,BOS,99.24,0,12,23
0042200303,BOS,MIA,120.48,1,6,26
0042200313,LAL,DEN,108.76,1,3,22
0042200313,DEN,LAL,101.36,0,10,22
0042200302,BOS,MIA,104.56,1,4,29
0042200302,MIA,BOS,110.36,0,13,24
0042200312,DEN,LAL,111.92,0,11,23
0042200312,LAL,DEN,105.44,2,13,29
0042200301,BOS,MIA,108.76,3,10,23
0042200301,MIA,BOS,105.36,0,12,17
0042200311,DEN,LAL,111.68,0,6,24
0042200311,LAL,DEN,102.44,0,9,22
0042200217,BOS,PHI,101.92,2,9,26
0042200217,PHI,BOS,103.36,1,7,21
0042200236,LAL,GSW,99.48,1,7,28
0042200236,GSW,LAL,119.16,1,3,23
0042200206,MIA,NYK,100.0,0,10,22
0042200206,NYK,MIA,97.08,0,6,26
0042200216,PHI,BOS,102.36,1,15,18
0042200216,BOS,PHI,102.04,1,8,30
0042200226,PHX,DEN,101.8,1,6,19
0042200226,DEN,PHX,105.64,0,12,25
0042200205,NYK,MIA,106.6,0,10,19
0042200205,MIA,NYK,108.36,0,16,16
0042200235,GSW,LAL,112.6,0,11,23
0042200235,LAL,GSW,107.6,1,9,23
0042200225,DEN,PHX,107.32,0,7,25
0042200225,PHX,DEN,108.56,0,7,19
0042200215,BOS,PHI,105.96000000000001,3,6,23
0042200215,PHI,BOS,99.88,0,7,21
0042200204,MIA,NYK,106.68,1,13,18
0042200204,NYK,MIA,102.56,0,7,17
0042200234,LAL,GSW,108.8,0,11,25
0042200234,GSW,LAL,107.28,0,12,25
0042200224,PHX,DEN,106.76,1,7,16
0042200224,DEN,PHX,107.12,0,10,18
0042200214,PHI,BOS,107.68,0,9,21
0042200214,BOS,PHI,106.68,2,6,30
0042200233,LAL,GSW,108.28,0,12,23
0042200233,GSW,LAL,117.48,1,8,21
0042200203,MIA,NYK,116.64,0,7,26
0042200203,NYK,MIA,113.68,1,12,25
0042200213,PHI,BOS,102.88,0,11,24
0042200213,BOS,PHI,108.12,0,11,26
0042200223,PHX,DEN,111.92,1,9,28
0042200223,DEN,PHX,118.24,0,8,28
0042200232,GSW,LAL,117.04,0,4,33
0042200232,LAL,GSW,110.48,1,14,19
0042200212,BOS,PHI,105.04,2,9,31
0042200212,PHI,BOS,100.12,1,4,23
0042200231,GSW,LAL,116.64,0,6,20
0042200231,LAL,GSW,112.76,0,7,28
0042200202,NYK,MIA,105.2,1,4,23
0042200202,MIA,NYK,98.48,1,5,18
0042200222,DEN,PHX,95.24,1,9,28
0042200222,PHX,DEN,106.2,3,7,21
0042200211,BOS,PHI,98.92,2,5,31
0042200211,PHI,BOS,100.28,0,14,10
0042200201,NYK,MIA,107.8,1,6,20
0042200201,MIA,NYK,105.76,0,10,21
0042200167,SAC,GSW,115.88,0,4,24
0042200167,GSW,SAC,120.2,0,7,26
0042200221,DEN,PHX,116.6,0,15,24
0042200221,PHX,DEN,107.48,1,4,26
0042200156,LAL,MEM,110.6,0,8,30
0042200156,MEM,LAL,118.8,3,11,11
0042200166,GSW,SAC,119.4,1,16,28
0042200166,SAC,GSW,129.0,0,15,24
0042200116,ATL,BOS,113.68,0,7,26
0042200116,BOS,ATL,108.48,0,8,31
0042200165,SAC,GSW,120.44,1,12,21
0042200165,GSW,SAC,118.36,0,16,22
0042200155,MEM,LAL,117.48,0,10,25
0042200155,LAL,MEM,113.8,0,8,28
0042200135,CLE,NYK,94.6,4,9,30
0042200135,NYK,CLE,107.76,0,9,28
0042200105,MIL,MIA,125.8,0,8,35
0042200105,MIA,MIL,128.48,1,12,32
0042200115,BOS,ATL,106.72,1,5,27
0042200115,ATL,BOS,108.4,0,9,23
0042200145,DEN,MIN,112.84,0,12,17
0042200145,MIN,DEN,106.0,0,12,28
0042200175,PHX,LAC,111.56,0,8,28
0042200175,LAC,PHX,121.28,2,5,26
0042200104,MIA,MIL,113.0,0,11,24
0042200104,MIL,MIA,119.8,1,11,21
0042200154,LAL,MEM,122.64,0,10,16
0042200154,MEM,LAL,128.24,0,10,17
0042200114,ATL,BOS,120.56,0,13,24
0042200114,BOS,ATL,116.0,0,10,29
0042200144,MIN,DEN,113.68,1,10,24
0042200144,DEN,MIN,113.92,1,8,20
0042200134,NYK,CLE,106.32,1,7,25
0042200134,CLE,NYK,97.36,3,6,20
0042200164,GSW,SAC,111.56,0,9,30
0042200164,SAC,GSW,119.92,0,7,22
0042200103,MIA,MIL,104.48,0,16,19
0042200103,MIL,MIA,108.28,1,11,15
0042200153,LAL,MEM,114.88,0,15,25
0042200153,MEM,LAL,119.8,3,10,28
0042200124,BKN,PHI,98.36,2,3,38
0042200124,PHI,BKN,106.04,0,9,21
0042200174,LAC,PHX,109.4,4,10,29
0042200174,PHX,LAC,108.88,0,12,21
0042200133,NYK,CLE,104.92,1,16,25
0042200133,CLE,NYK,107.48,0,11,20
0042200113,ATL,BOS,116.04,0,7,26
0042200113,BOS,ATL,111.04,1,15,20
0042200143,MIN,DEN,107.4,1,12,18
0042200143,DEN,MIN,103.72,0,10,20
0042200123,BKN,PHI,96.68,1,8,18
0042200123,PHI,BKN,101.72,2,6,26
0042200173,LAC,PHX,112.0,0,9,28
0042200173,PHX,LAC,121.24,0,14,13
0042200163,GSW,SAC,121.12,0,13,19
0042200163,SAC,GSW,117.12,1,7,30
0042200152,MEM,LAL,108.24,1,8,24
0042200152,LAL,MEM,106.24,0,9,22
0042200142,DEN,MIN,106.0,0,10,15
0042200142,MIN,DEN,102.12,0,9,24
0042200102,MIL,MIA,113.52,0,11,16
0042200102,MIA,MIL,111.12,0,10,17
0042200172,PHX,LAC,102.16,0,7,23
0042200172,LAC,PHX,108.64,0,7,21
0042200132,CLE,NYK,103.24,1,12,30
0042200132,NYK,CLE,109.2,1,15,22
0042200112,BOS,ATL,104.4,1,11,27
0042200112,ATL,BOS,119.52,2,12,15
0042200162,SAC,GSW,118.76,2,15,21
0042200162,GSW,SAC,109.92,0,12,22
0042200122,PHI,BKN,106.04,0,9,17
0042200122,BKN,PHI,96.48,0,15,22
0042200101,MIL,MIA,113.68,1,9,22
0042200101,MIA,MIL,108.24,0,9,26
0042200141,DEN,MIN,107.48,1,8,25
0042200141,MIN,DEN,99.04,1,9,20
0042200151,MEM,LAL,108.04,2,10,25
0042200151,LAL,MEM,113.04,0,9,31
0042200171,PHX,LAC,106.52,1,10,28
0042200171,LAC,PHX,118.76,0,9,26
0042200121,PHI,BKN,104.04,1,17,16
0042200121,BKN,PHI,95.6,1,5,24
0042200161,SAC,GSW,125.08,0,12,21
0042200161,GSW,SAC,116.88,0,11,26
0042200131,CLE,NYK,106.24,3,11,31
0042200131,NYK,CLE,110.68,0,12,26
0042200111,BOS,ATL,111.92,0,9,32
0042200111,ATL,BOS,118.68,1,13,21
0022201230,POR,GSW,119.56,1,6,15
0022201230,GSW,POR,118.04,0,13,33
0022201219,MIA,ORL,109.8,0,13,19
0022201219,ORL,MIA,114.56,0,14,13
0022201222,WAS,HOU,118.24,0,13,13
0022201222,HOU,WAS,117.32,1,11,20
0022201229,PHX,LAC,115.68,0,6,25
0022201229,LAC,PHX,120.56,0,4,20
0022201220,NYK,IND,132.68,0,12,21
0022201220,IND,NYK,120.72,0,10,32
0022201216,BOS,ATL,110.16,0,7,30
0022201216,ATL,BOS,114.36,0,14,17
0022201224,DAL,SAS,117.04,0,6,32
0022201224,SAS,DAL,129.2,2,2,32
0022201227,DEN,SAC,111.0,0,11,17
0022201227,SAC,DEN,106.6,4,11,14
0022201223,CHI,DET,107.68,1,18,18
0022201223,DET,CHI,114.72,1,2,17
0022201226,OKC,MEM,111.04,0,7,14
0022201226,MEM,OKC,111.92,2,10,13
0022201225,MIN,NOP,112.64,0,10,25
0022201225,NOP,MIN,117.76,0,14,26
0022201221,TOR,MIL,111.04,0,9,29
0022201221,MIL,TOR,105.24,0,6,26
0022201228,LAL,UTA,116.24,0,4,16
0022201228,UTA,LAL,114.64,1,7,22
0022201218,CLE,CHA,112.04,1,12,23
0022201218,CHA,CLE,112.2,0,10,26
0022201217,BKN,PHI,113.32,0,10,26
0022201217,PHI,BKN,122.36,1,14,26
0022201215,LAC,POR,118.2,0,9,26
0022201215,POR,LAC,109.12,0,10,22
0022201214,SAS,MIN,118.56,0,6,22
0022201214,MIN,SAS,117.24,0,10,19
0022201213,DEN,UTA,114.56,0,11,15
0022201213,UTA,DEN,126.12,0,13,13
0022201209,NOP,NYK,99.8,1,6,17
0022201209,NYK,NOP,105.8,0,7,18
0022201211,SAC,GSW,117.92,0,18,17
0022201211,GSW,SAC,112.56,0,8,33
0022201206,BOS,TOR,109.24,1,4,28
0022201206,TOR,BOS,107.48,2,13,16
0022201207,BKN,ORL,109.0,0,16,28
0022201207,ORL,BKN,115.48,1,6,26
0022201203,IND,DET,114.32,0,9,31
0022201203,DET,IND,114.44,0,16,25
0022201208,MIL,MEM,113.84,0,9,14
0022201208,MEM,MIL,111.6,2,14,14
0022201210,DAL,CHI,107.72,0,9,20
0022201210,CHI,DAL,107.92,1,7,22
0022201202,CHA,HOU,116.88,1,13,25
0022201202,HOU,CHA,119.32,0,14,28
0022201212,LAL,PHX,114.48,0,7,33
0022201212,PHX,LAL,119.16,1,8,20
0022201204,WAS,MIA,116.28,0,9,28
0022201204,MIA,WAS,119.28,0,10,18
0022201205,ATL,PHI,124.32,0,15,25
0022201205,PHI,ATL,134.76,1,14,20
0022201198,PHI,MIA,97.6,1,8,16
0022201198,MIA,PHI,104.6,2,10,17
0022201199,SAS,POR,132.32,1,12,21
0022201199,POR,SAS,118.92,1,9,17
0022201200,UTA,OKC,109.04,1,5,25
0022201200,OKC,UTA,120.44,0,18,20
0022201201,PHX,DEN,100.0,1,7,25
0022201201,DEN,PHX,105.12,0,9,25
0022201197,ORL,CLE,112.36,1,11,21
0022201197,CLE,ORL,107.96,1,17,26
0022201195,DAL,SAC,106.92,0,5,17
0022201195,SAC,DAL,123.36,0,10,16
0022201196,LAC,LAL,105.88,0,10,22
0022201196,LAL,LAC,113.56,1,7,21
0022201190,IND,NYK,117.2,4,9,22
0022201190,NYK,IND,125.0,0,16,21
0022201192,BOS,TOR,111.92,1,7,23
0022201192,TOR,BOS,108.48,0,11,23
0022201191,ATL,WAS,117.6,0,13,25
0022201191,WAS,ATL,119.44,1,15,21
0022201194,NOP,MEM,121.16,0,10,22
0022201194,MEM,NOP,128.0,0,12,18
0022201189,DET,BKN,104.16,1,8,19
0022201189,BKN,DET,107.12,0,8,22
0022201193,MIL,CHI,108.84,0,10,23
0022201193,CHI,MIL,102.84,1,10,24
0022201187,GSW,OKC,121.2,0,8,17
0022201187,OKC,GSW,118.4,1,8,16
0022201183,HOU,DEN,125.56,0,14,10
0022201183,DEN,HOU,114.92,0,10,22
0022201180,BKN,MIN,105.16,4,7,30
0022201180,MIN,BKN,102.68,1,7,23
0022201177,DET,MIA,98.88,1,6,13
0022201177,MIA,DET,98.44,0,13,20
0022201181,PHI,BOS,95.04,0,5,25
0022201181,BOS,PHI,106.04,2,9,27
0022201188,PHX,SAS,113.44,0,8,24
0022201188,SAS,PHX,108.16,1,10,28
0022201179,WAS,MIL,117.24,0,11,11
0022201179,MIL,WAS,122.76,0,7,19
0022201176,CHA,TOR,102.36,1,6,12
0022201176,TOR,CHA,106.32,1,13,16
0022201184,MEM,POR,107.68,2,6,20
0022201184,POR,MEM,112.48,1,9,21
0022201178,ORL,CLE,109.48,1,7,22
0022201178,CLE,ORL,100.8,0,10,17
0022201186,UTA,LAL,115.64,0,7,20
0022201186,LAL,UTA,122.4,2,11,15
0022201182,CHI,ATL,105.8,1,10,17
0022201182,ATL,CHI,110.36,0,6,21
0022201185,NOP,SAC,108.88,1,8,24
0022201185,SAC,NOP,108.6,0,9,24
0022201174,MIL,PHI,98.24,0,9,19
0022201174,PHI,MIL,103.72,3,7,17
0022201166,MIN,POR,107.12,0,6,24
0022201166,POR,MIN,111.8,0,15,12
0022201165,CHI,MEM,104.68,0,15,24
0022201165,MEM,CHI,107.28,2,1,19
0022201175,DEN,GSW,118.92,0,14,18
0022201175,GSW,DEN,127.48,2,11,23
0022201172,OKC,PHX,114.03999999999999,0,11,18
0022201172,PHX,OKC,106.32,0,7,20
0022201164,BKN,UTA,108.96000000000001,0,9,23
0022201164,UTA,BKN,115.2,1,7,29
0022201168,NYK,WAS,106.92,1,15,13
0022201168,WAS,NYK,104.92,1,10,21
0022201171,HOU,LAL,114.4,1,4,15
0022201171,LAL,HOU,110.32,2,6,27
0022201167,ATL,DAL,126.68,0,10,20
0022201167,DAL,ATL,123.08,2,5,37
0022201173,CLE,IND,111.44,2,12,20
0022201173,IND,CLE,110.76,3,8,25
0022201170,SAC,SAS,132.08,0,12,17
0022201170,SAS,SAC,127.76,0,12,26
0022201163,CHA,TOR,107.72,1,5,21
0022201163,TOR,CHA,114.52,1,12,19
0022201169,ORL,DET,106.6,0,14,23
0022201169,DET,ORL,109.84,2,8,15
0022201161,MIA,DAL,106.76,0,10,12
0022201161,DAL,MIA,98.04,3,6,19
0022201162,NOP,LAC,108.4,0,8,15
0022201162,LAC,NOP,108.12,0,6,19
0022201151,WAS,ORL,122.28,0,8,19
0022201151,ORL,WAS,109.44,1,8,27
0022201153,BKN,ATL,105.72,0,10,27
0022201153,ATL,BKN,112.12,1,9,24
0022201154,CLE,NYK,101.72,3,3,27
0022201154,NYK,CLE,110.56,0,9,14
0022201148,CHA,CHI,102.4,0,5,13
0022201148,CHI,CHA,104.68,1,16,15
0022201158,GSW,SAS,116.24,2,9,13
0022201158,SAS,GSW,114.12,1,13,15
0022201156,MEM,LAC,117.48,1,12,23
0022201156,LAC,MEM,114.92,1,9,27
0022201157,MIN,LAL,119.36,0,12,21
0022201157,LAL,MIN,119.2,0,12,19
0022201150,PHI,TOR,100.0,0,9,14
0022201150,TOR,PHI,107.12,2,9,11
0022201155,HOU,DET,114.8,0,10,15
0022201155,DET,HOU,112.88,0,11,13
0022201149,IND,OKC,125.32,0,6,20
0022201149,OKC,IND,112.96000000000001,0,13,19
0022201152,BOS,UTA,116.68,0,13,29
0022201152,UTA,BOS,120.16,1,6,17
0022201159,POR,SAC,113.12,0,10,14
0022201159,SAC,POR,107.6,2,15,25
0022201160,PHX,DEN,113.24,0,9,31
0022201160,DEN,PHX,114.8,0,13,25
0022201147,DEN,NOP,103.08,2,8,21
0022201147,NOP,DEN,99.68,1,9,24
0022201146,MIL,BOS,119.72,1,5,17
0022201146,BOS,MIL,107.8,0,10,23
0022201138,NYK,MIA,101.12,0,10,24
0022201138,MIA,NYK,96.16,1,10,19
0022201143,SAS,UTA,119.24,0,12,17
0022201143,UTA,SAS,114.8,0,8,18
0022201141,MEM,LAC,120.32,1,9,12
0022201141,LAC,MEM,106.64,0,11,25
0022201145,POR,SAC,112.28,2,7,25
0022201145,SAC,POR,110.56,0,10,41
0022201144,PHX,MIN,115.88,0,18,28
0022201144,MIN,PHX,116.28,0,8,42
0022201140,CHI,LAL,107.72,1,13,13
0022201140,LAL,CHI,114.2,0,12,13
0022201136,IND,MIL,118.68,1,14,15
0022201136,MIL,IND,124.2,0,6,28
0022201139,PHI,DAL,103.2,0,11,23
0022201139,DAL,PHI,104.92,1,4,23
0022201137,BKN,HOU,105.88,0,6,24
0022201137,HOU,BKN,117.24,0,9,17
0022201142,OKC,DET,107.0,1,11,22
0022201142,DET,OKC,103.16,1,7,18
0022201131,ATL,CLE,115.52,0,7,27
0022201131,CLE,ATL,110.68,3,6,27
0022201134,OKC,CHA,119.76,0,16,20
0022201134,CHA,OKC,125.2,0,7,15
0022201135,GSW,NOP,109.68,2,12,22
0022201135,NOP,GSW,113.16,1,12,16
0022201133,MEM,ORL,114.12,0,12,24
0022201133,ORL,MEM,122.6,1,11,23
0022201130,WAS,BOS,113.72,0,10,15
0022201130,BOS,WAS,109.84,2,8,19
0022201132,TOR,MIA,105.96,1,10,24
0022201132,MIA,TOR,103.36,0,9,22
0022201128,SAC,MIN,111.6,0,5,16
0022201128,MIN,SAC,106.96000000000001,0,8,19
0022201129,LAC,CHI,103.04,0,11,15
0022201129,CHI,LAC,105.24,3,11,11
0022201123,IND,DAL,116.12,0,10,16
0022201123,DAL,IND,103.48,1,12,29
0022201125,UTA,PHX,110.88,1,3,31
0022201125,PHX,UTA,116.68,0,10,16
0022201122,DET,MIL,117.84,1,6,27
0022201122,MIL,DET,114.44,0,6,35
0022201124,NYK,HOU,108.32,0,11,16
0022201124,HOU,NYK,113.76,1,6,17
0022201127,POR,NOP,108.6,0,12,13
0022201127,NOP,POR,109.48,0,10,24
0022201126,DEN,PHI,106.68,0,11,22
0022201126,PHI,DEN,109.68,0,10,15
0022201120,POR,OKC,111.88,0,6,20
0022201120,OKC,POR,117.32,0,17,25
0022201116,BOS,SAS,114.24,0,5,31
0022201116,SAS,BOS,114.92,1,10,20
0022201114,LAL,CHI,105.32,0,5,21
0022201114,CHI,LAL,101.72,0,13,11
0022201117,CLE,HOU,102.56,3,12,22
0022201117,HOU,CLE,103.92,2,6,21
0022201119,TOR,WAS,116.04,1,15,19
0022201119,WAS,TOR,110.8,2,9,30
0022201121,GSW,MIN,105.48,0,14,24
0022201121,MIN,GSW,108.0,0,13,28
0022201115,ATL,MEM,119.44,0,8,21
0022201115,MEM,ATL,108.36,0,8,23
0022201118,ORL,BKN,108.32,0,9,25
0022201118,BKN,ORL,118.32,0,7,19
0022201113,CHA,DAL,112.56,0,7,24
0022201113,DAL,CHA,101.68,0,11,27
0022201111,SAC,UTA,112.24,1,13,17
0022201111,UTA,SAC,114.04,1,4,16
0022201108,MIA,BKN,98.16,2,5,20
0022201108,BKN,MIA,106.0,2,9,18
0022201109,DEN,MIL,111.32,0,5,22
0022201109,MIL,DEN,107.24,1,8,24
0022201112,LAC,NOP,103.24,1,13,27
0022201112,NOP,LAC,114.96,1,13,17
0022201110,PHX,PHI,108.36,1,8,21
0022201110,PHI,PHX,101.88,1,4,19
0022201107,ATL,IND,118.0,0,14,16
0022201107,IND,ATL,118.28,1,9,23
0022201102,UTA,MIL,129.96,1,11,13
0022201102,MIL,UTA,118.04,0,8,23
0022201106,LAL,OKC,114.32,0,9,28
0022201106,OKC,LAL,110.36,0,9,22
0022201097,BOS,IND,115.36,0,15,24
0022201097,IND,BOS,110.68,1,12,28
0022201105,SAC,PHX,107.08,0,10,17
0022201105,PHX,SAC,113.76,0,2,14
0022201104,POR,CHI,105.92,1,13,13
0022201104,CHI,POR,106.16,2,10,27
0022201098,WAS,SAS,103.44,0,4,20
0022201098,SAS,WAS,112.6,3,6,13
0022201101,DAL,CHA,104.56,0,5,21
0022201101,CHA,DAL,108.88,1,7,18
0022201099,TOR,DET,115.76,0,16,18
0022201099,DET,TOR,108.2,0,10,32
0022201103,GSW,PHI,109.56,0,9,16
0022201103,PHI,GSW,102.96000000000001,0,9,10
0022201100,MEM,HOU,109.16,1,14,21
0022201100,HOU,MEM,111.24,1,10,17
0022201095,NOP,CHA,115.6,0,14,21
0022201095,CHA,NOP,107.04,0,9,24
0022201096,LAC,OKC,105.8,0,10,23
0022201096,OKC,LAC,111.84,2,9,17
0022201094,BKN,CLE,107.88,1,8,29
0022201094,CLE,BKN,109.44,1,12,16
0022201093,ORL,NYK,110.24,0,8,30
0022201093,NYK,ORL,112.44,2,9,19
0022201084,MIA,NYK,100.44,1,15,20
0022201084,NYK,MIA,109.0,0,8,16
0022201091,UTA,POR,114.84,1,4,19
0022201091,POR,UTA,114.2,0,11,14
0022201088,MEM,HOU,111.52,0,12,21
0022201088,HOU,MEM,119.12,1,8,23
0022201086,DAL,GSW,111.32,0,10,16
0022201086,GSW,DAL,110.92,0,7,17
0022201090,MIN,ATL,115.76,1,15,15
0022201090,ATL,MIN,112.0,0,9,20
0022201092,LAL,PHX,103.24,0,13,30
0022201092,PHX,LAL,115.8,2,10,17
0022201085,TOR,IND,116.16,0,16,17
0022201085,IND,TOR,106.0,0,8,21
0022201083,WAS,DEN,101.04,0,6,18
0022201083,DEN,WAS,102.24,0,7,14
0022201089,MIL,SAS,123.56,0,13,24
0022201089,SAS,MIL,120.8,0,10,17
0022201087,CHI,PHI,111.68,3,10,17
0022201087,PHI,CHI,108.44,0,11,19
0022201077,ORL,WAS,106.0,0,12,21
0022201077,WAS,ORL,107.12,1,11,13
0022201078,ATL,DET,119.84,1,7,21
0022201078,DET,ATL,110.56,2,8,22
0022201082,LAC,OKC,108.24,1,11,24
0022201082,OKC,LAC,110.16,1,10,14
0022201081,SAC,BOS,104.24,1,4,17
0022201081,BOS,SAC,107.12,0,12,19
0022201079,BKN,CLE,118.12,0,10,20
0022201079,CLE,BKN,106.24,1,10,25
0022201080,NOP,SAS,107.12,2,10,16
0022201080,SAS,NOP,109.36,0,11,21
0022201076,UTA,SAC,110.12,0,5,16
0022201076,SAC,UTA,114.0,0,8,19
0022201074,HOU,GSW,120.56,2,16,11
0022201074,GSW,HOU,114.36,1,13,22
0022201072,PHI,CHI,118.68,1,8,32
0022201072,CHI,PHI,116.76,2,16,26
0022201073,NYK,MIN,113.32,0,11,16
0022201073,MIN,NYK,112.08,1,13,24
0022201075,MEM,DAL,111.44,0,7,26
0022201075,DAL,MEM,104.8,0,6,22
0022201071,CHA,IND,115.08,1,16,20
0022201071,IND,CHA,117.96000000000001,0,7,20
0022201064,OKC,PHX,114.84,0,14,20
0022201064,PHX,OKC,116.56,1,10,13
0022201068,MIL,TOR,103.24,0,4,32
0022201068,TOR,MIL,111.28,0,6,11
0022201066,DET,MIA,100.48,0,6,17
0022201066,MIA,DET,100.0,2,7,20
0022201070,LAL,ORL,107.08,0,5,30
0022201070,ORL,LAL,117.48,0,12,20
0022201063,BKN,DEN,100.04,1,13,21
0022201063,DEN,BKN,101.72,1,7,21
0022201065,SAS,ATL,113.04,0,10,30
0022201065,ATL,SAS,121.8,0,7,22
0022201067,HOU,NOP,104.72,0,6,20
0022201067,NOP,HOU,105.56,1,9,20
0022201069,POR,LAC,105.56,1,8,22
0022201069,LAC,POR,113.12,2,11,21
0022201056,LAC,ORL,115.56,1,14,17
0022201056,ORL,LAC,112.0,0,15,18
0022201060,CHI,MIA,92.64,1,11,17
0022201060,MIA,CHI,105.56,4,7,18
0022201057,IND,PHI,109.8,1,6,15
0022201057,PHI,IND,104.68,3,11,14
0022201058,TOR,MIN,114.24,1,12,27
0022201058,MIN,TOR,111.32,0,10,31
0022201062,UTA,BOS,113.68,1,5,16
0022201062,BOS,UTA,101.04,0,4,21
0022201055,NYK,DEN,107.32,0,11,14
0022201055,DEN,NYK,103.6,0,5,21
0022201059,WAS,SAC,111.88,0,6,17
0022201059,SAC,WAS,104.12,1,9,17
0022201061,MEM,GSW,108.48,0,10,20
0022201061,GSW,MEM,118.96000000000001,1,3,21
0022201052,SAS,MEM,129.76,0,14,17
0022201052,MEM,SAS,127.24,1,17,19
0022201048,ATL,GSW,121.0,0,10,18
0022201048,GSW,ATL,123.8,1,8,29
0022201047,CHA,PHI,110.44,2,10,19
0022201047,PHI,CHA,116.0,1,10,22
0022201054,LAL,DAL,109.64,2,10,22
0022201054,DAL,LAL,100.36,0,10,23
0022201053,POR,BOS,110.64,2,14,18
0022201053,BOS,POR,118.4,1,15,23
0022201050,CHI,MIN,118.2,1,11,13
0022201050,MIN,CHI,128.64,0,8,24
0022201049,CLE,WAS,106.68,1,13,22
0022201049,WAS,CLE,100.8,1,8,21
0022201051,HOU,NOP,110.56,0,9,18
0022201051,NOP,HOU,102.0,1,10,22
0022201042,DET,DEN,109.92,1,8,18
0022201042,DEN,DET,109.0,0,13,30
0022201045,MIL,IND,112.44,2,6,19
0022201045,IND,MIL,111.6,0,7,12
0022201046,PHX,ORL,111.48,2,12,17
0022201046,ORL,PHX,113.12,0,13,18
0022201044,TOR,OKC,119.32,0,11,27
0022201044,OKC,TOR,115.8,0,9,26
0022201043,BKN,SAC,96.12,0,10,19
0022201043,SAC,BKN,108.08,0,2,26
0022201039,MIN,BOS,106.68,2,9,23
0022201039,BOS,MIN,106.2,0,12,28
0022201037,CHI,SAC,122.0,1,14,14
0022201037,SAC,CHI,109.76,1,10,22
0022201038,HOU,LAL,114.36,2,6,28
0022201038,LAL,HOU,114.28,1,14,11
0022201035,CLE,PHI,104.68,2,12,18
0022201035,PHI,CLE,104.88,1,8,19
0022201041,LAC,GSW,117.08,0,14,19
0022201041,GSW,LAC,110.6,1,7,26
0022201040,SAS,DAL,128.44,1,15,19
0022201040,DAL,SAS,120.28,0,7,31
0022201036,MIA,MEM,109.52,0,10,15
0022201036,MEM,MIA,113.16,0,9,13
0022201028,WAS,DET,107.68,0,10,30
0022201028,DET,WAS,115.28,2,11,16
0022201033,PHX,MIL,113.04,1,10,23
0022201033,MIL,PHX,113.28,0,10,28
0022201031,OKC,BKN,118.12,0,13,16
0022201031,BKN,OKC,113.96000000000001,2,7,25
0022201034,POR,NYK,116.92,1,10,16
0022201034,NYK,POR,107.96000000000001,2,9,32
0022201030,NOP,LAL,118.8,1,12,18
0022201030,LAL,NOP,111.32,0,11,22
0022201027,CHA,CLE,101.6,1,5,15
0022201027,CLE,CHA,104.36,3,12,13
0022201029,TOR,DEN,111.48,0,13,21
0022201029,DEN,TOR,101.0,0,10,21
0022201032,SAS,ORL,106.92,0,7,22
0022201032,ORL,SAS,115.24,0,9,15
0022201024,HOU,BOS,111.88,1,12,10
0022201024,BOS,HOU,109.24,1,9,18
0022201023,DAL,MEM,106.52,2,9,23
0022201023,MEM,DAL,105.36,0,11,18
0022201020,DET,IND,118.4,2,12,15
0022201020,IND,DET,110.56,1,11,20
0022201022,MIA,UTA,107.84,0,14,18
0022201022,UTA,MIA,115.92,0,8,22
0022201026,SAC,MIL,119.6,1,8,14
0022201026,MIL,SAC,107.68,0,7,25
0022201025,GSW,PHX,107.56,0,10,31
0022201025,PHX,GSW,118.68,2,12,17
0022201021,ATL,MIN,124.32,3,8,22
0022201021,MIN,ATL,112.12,1,14,29
0022201014,DEN,BKN,115.56,2,6,16
0022201014,BKN,DEN,102.56,0,13,22
0022201015,CHA,CLE,108.68,0,9,24
0022201015,CLE,CHA,111.96000000000001,0,15,27
0022201018,SAS,OKC,114.36,0,5,24
0022201018,OKC,SAS,114.12,1,13,29
0022201019,LAL,NYK,107.48,0,10,25
0022201019,NYK,LAL,108.24,0,9,21
0022201017,NOP,POR,113.76,2,14,24
0022201017,POR,NOP,113.8,0,11,18
0022201016,PHI,WAS,98.12,1,7,30
0022201016,WAS,PHI,103.12,1,5,15
0022201005,CHA,UTA,111.6,0,11,13
0022201005,UTA,CHA,122.8,0,5,24
0022201009,HOU,CHI,108.48,0,12,18
0022201009,CHI,HOU,109.68,0,13,21
0022201010,MEM,DAL,107.56,0,8,23
0022201010,DAL,MEM,106.12,0,7,20
0022201008,ATL,BOS,117.04,1,8,21
0022201008,BOS,ATL,108.28,0,8,28
0022201007,ORL,MIA,125.8,0,13,23
0022201007,MIA,ORL,119.8,1,12,22
0022201006,DET,IND,117.88,0,11,19
0022201006,IND,DET,121.96000000000001,0,11,23
0022201011,NOP,OKC,111.36,1,6,19
0022201011,OKC,NOP,105.08,0,18,22
0022201004,LAC,NYK,102.04,1,5,19
0022201004,NYK,LAC,110.88,2,6,18
0022201013,PHX,SAC,112.68,0,13,15
0022201013,SAC,PHX,116.28,0,12,16
0022201012,GSW,MIL,131.84,0,16,29
0022201012,MIL,GSW,121.84,0,9,33
0022200999,WAS,ATL,109.92,0,12,29
0022200999,ATL,WAS,117.36,1,10,24
0022201001,MIN,BKN,124.76,1,13,27
0022201001,BKN,MIN,119.52,0,10,30
0022201003,LAL,TOR,108.36,0,10,18
0022201003,TOR,LAL,110.72,1,15,11
0022201000,MIA,CLE,108.12,0,8,22
0022201000,CLE,MIA,106.24,0,11,16
0022201002,SAS,DEN,119.48,0,12,25
0022201002,DEN,SAS,112.8,1,16,20
0022200998,PHI,POR,104.76,0,7,20
0022200998,POR,PHI,102.2,1,8,15
0022200994,ORL,UTA,117.64,1,15,14
0022200994,UTA,ORL,114.24,0,8,20
0022200992,DET,CHA,116.8,1,7,21
0022200992,CHA,DET,112.08,0,12,22
0022200997,SAC,NYK,110.08,1,11,18
0022200997,NYK,SAC,127.64,0,9,20
0022200993,IND,HOU,120.24,1,14,18
0022200993,HOU,IND,135.76,1,7,25
0022200996,MEM,GSW,112.92,0,10,15
0022200996,GSW,MEM,109.56,2,11,24
0022200995,MIL,BKN,126.16,1,11,36
0022200995,BKN,MIL,124.48,0,13,27
0022200991,LAC,TOR,101.64,0,9,31
0022200991,TOR,LAC,114.16,0,14,16
0022200988,NOP,DAL,105.92,0,6,22
0022200988,DAL,NOP,105.36,0,11,17
0022200990,PHX,OKC,115.04,0,12,15
0022200990,OKC,PHX,113.24,1,11,16
0022200989,DEN,CHI,105.6,1,6,22
0022200989,CHI,DEN,104.92,0,9,23
0022200986,BOS,POR,106.8,1,13,27
0022200986,POR,BOS,108.88,1,5,18
0022200987,MIA,CLE,104.76,1,10,20
0022200987,CLE,MIA,103.36,2,18,11
0022200985,WAS,ATL,107.48,0,10,17
0022200985,ATL,WAS,107.44,2,14,16
0022200769,DET,WAS,104.68,0,9,21
0022200769,WAS,DET,102.48,1,11,16
0022200981,HOU,BKN,112.56,0,11,12
0022200981,BKN,HOU,105.76,0,15,21
0022200979,NYK,CHA,107.56,2,6,24
0022200979,CHA,NYK,104.24,0,4,23
0022200978,ORL,MIL,121.36,1,13,13
0022200978,MIL,ORL,108.96000000000001,0,9,27
0022200984,LAL,MEM,115.76,0,5,29
0022200984,MEM,LAL,112.76,2,9,21
0022200983,DAL,UTA,114.68,0,13,18
0022200983,UTA,DAL,119.0,1,13,21
0022200980,MIN,PHI,106.24,1,11,28
0022200980,PHI,MIN,106.12,0,9,20
0022200982,OKC,GSW,119.56,0,16,11
0022200982,GSW,OKC,117.04,3,13,15
0022200971,CLE,BOS,122.0,2,7,26
0022200971,BOS,CLE,122.24,0,9,28
0022200975,DEN,TOR,109.12,0,10,27
0022200975,TOR,DEN,109.8,1,6,23
0022200977,DET,POR,110.8,0,10,17
0022200977,POR,DET,100.0,0,11,21
0022200976,SAC,NOP,101.8,0,10,11
0022200976,NOP,SAC,102.16,1,7,13
0022200972,IND,PHI,112.64,1,9,19
0022200972,PHI,IND,109.72,0,7,17
0022200974,MIA,ATL,104.28,0,8,20
0022200974,ATL,MIA,112.12,0,6,22
0022200968,OKC,UTA,113.52,0,13,16
0022200968,UTA,OKC,115.88,0,7,14
0022200973,WAS,MIL,122.28,0,10,15
0022200973,MIL,WAS,104.68,0,6,29
0022200963,CHI,IND,99.0,0,6,8
0022200963,IND,CHI,110.04,1,9,10
0022200969,BOS,NYK,136.0,1,15,23
0022200969,NYK,BOS,128.08,0,11,19
0022200964,LAL,GSW,111.68,1,4,19
0022200964,GSW,LAL,110.92,2,4,31
0022200970,LAC,MEM,117.4,0,7,25
0022200970,MEM,LAC,106.6,0,16,15
0022200967,HOU,SAS,109.76,0,13,25
0022200967,SAS,HOU,117.24,0,7,19
0022200962,DAL,PHX,103.72,0,7,17
0022200962,PHX,DAL,109.0,0,8,18
0022200966,ORL,POR,108.64,0,13,16
0022200966,POR,ORL,114.08,0,10,24
0022200965,BKN,CHA,106.68,0,8,30
0022200965,CHA,BKN,104.6,3,4,28
0022200961,SAC,MIN,108.2,1,6,18
0022200961,MIN,SAC,104.64,0,6,19
0022200956,TOR,WAS,110.16,0,23,14
0022200956,WAS,TOR,108.68,0,12,13
0022200958,MIA,ATL,112.12,0,12,23
0022200958,ATL,MIA,108.2,1,13,12
0022200957,CLE,DET,109.92,1,17,21
0022200957,DET,CLE,115.0,1,7,20
0022200960,MIL,PHI,108.32,0,3,15
0022200960,PHI,MIL,105.28,0,8,20
0022200959,SAS,HOU,108.8,2,13,14
0022200959,HOU,SAS,110.68,1,11,18
0022200951,OKC,UTA,117.16,0,20,18
0022200951,UTA,OKC,113.12,0,6,26
0022200949,MIA,NYK,107.08,0,8,12
0022200949,NYK,MIA,99.48,0,10,16
0022200954,SAC,LAC,109.44,0,6,12
0022200954,LAC,SAC,105.88,0,9,18
0022200955,LAL,MIN,112.56,1,10,24
0022200955,MIN,LAL,109.04,0,14,30
0022200946,CHA,ORL,110.0,2,15,17
0022200946,ORL,CHA,112.36,0,15,27
0022200953,GSW,NOP,104.8,0,10,14
0022200953,NOP,GSW,101.88,0,13,17
0022200948,BOS,BKN,111.8,1,9,24
0022200948,BKN,BOS,118.44,0,12,24
0022200947,ATL,POR,115.04,1,13,24
0022200947,POR,ATL,112.8,0,14,21
0022200952,DEN,MEM,108.64,1,8,30
0022200952,MEM,DEN,107.64,2,7,21
0022200950,CHI,PHX,102.0,2,8,9
0022200950,PHX,CHI,104.0,1,7,14
0022200944,SAS,IND,118.72,0,11,20
0022200944,IND,SAS,108.84,2,13,14
0022200945,GSW,LAC,115.88,0,12,27
0022200945,LAC,GSW,114.24,1,8,25
0022200942,WAS,TOR,108.56,0,7,26
0022200942,TOR,WAS,113.48,1,11,16
0022200943,DAL,PHI,105.88,0,13,19
0022200943,PHI,DAL,104.76,1,10,18
0022200941,POR,NOP,107.76,0,5,20
0022200941,NOP,POR,105.12,0,12,21
0022200936,MIA,PHI,100.12,1,5,15
0022200936,PHI,MIA,100.68,1,10,22
0022200935,BOS,CLE,102.32,1,5,30
0022200935,CLE,BOS,107.24,1,11,16
0022200937,NYK,BKN,114.24,2,11,22
0022200937,BKN,NYK,110.8,0,11,20
0022200939,MIL,ORL,110.36,0,8,22
0022200939,ORL,MIL,119.76,0,4,16
0022200934,DET,CHI,106.32,0,12,22
0022200934,CHI,DET,113.64,0,10,18
0022200933,CHA,PHX,113.32,1,5,30
0022200933,PHX,CHA,107.6,1,10,26
0022200940,OKC,LAL,112.56,0,13,20
0022200940,LAL,OKC,110.16,2,10,20
0022200938,HOU,MEM,113.0,1,6,17
0022200938,MEM,HOU,98.36,1,8,19
0022200928,OKC,SAC,118.56,1,13,12
0022200928,SAC,OKC,114.2,0,8,19
0022200929,DAL,IND,110.32,0,6,21
0022200929,IND,DAL,104.6,0,6,22
0022200923,ATL,WAS,110.36,1,5,23
0022200923,WAS,ATL,113.8,0,8,22
0022200926,HOU,DEN,114.4,0,8,11
0022200926,DEN,HOU,110.04,0,10,12
0022200927,MEM,LAL,125.48,0,17,24
0022200927,LAL,MEM,122.12,1,5,31
0022200924,BKN,MIL,111.0,0,13,24
0022200924,MIL,BKN,124.28,1,14,33
0022200925,TOR,CHI,113.36,1,14,17
0022200925,CHI,TOR,97.48,1,9,28
0022200931,GSW,POR,116.04,0,8,18
0022200931,POR,GSW,108.68,0,12,22
0022200932,LAC,MIN,117.12,2,14,29
0022200932,MIN,LAC,116.68,1,18,29
0022200930,UTA,SAS,120.84,2,9,18
0022200930,SAS,UTA,114.0,0,12,18
0022200919,CHA,DET,108.68,0,8,27
0022200919,DET,CHA,112.88,1,15,28
0022200922,NOP,ORL,103.12,2,11,16
0022200922,ORL,NOP,105.44,0,14,17
0022200921,NYK,BOS,103.96000000000001,1,8,19
0022200921,BOS,NYK,101.16,4,7,23
0022200920,PHI,MIA,103.32,1,9,24
0022200920,MIA,PHI,102.68,2,14,23
0022200914,CLE,TOR,103.16,0,12,32
0022200914,TOR,CLE,113.6,1,7,20
0022200916,GSW,MIN,116.68,0,14,17
0022200916,MIN,GSW,115.24,2,14,27
0022200912,CHI,WAS,94.48,0,11,19
0022200912,WAS,CHI,102.12,3,7,18
0022200917,POR,HOU,105.4,1,9,28
0022200917,HOU,POR,124.0,1,11,18
0022200913,DAL,LAL,115.16,0,8,17
0022200913,LAL,DAL,119.32,1,12,23
0022200918,DEN,LAC,123.64,1,10,23
0022200918,LAC,DEN,115.2,2,12,28
0022200910,MIL,PHX,107.24,0,11,33
0022200910,PHX,MIL,116.68,1,8,20
0022200915,OKC,SAC,110.12,1,14,19
0022200915,SAC,OKC,114.56,0,10,15
0022200911,ATL,BKN,117.32,1,8,22
0022200911,BKN,ATL,108.76,1,13,24
0022200908,PHI,BOS,103.4,1,9,16
0022200908,BOS,PHI,103.28,0,6,20
0022200905,ORL,IND,119.72,3,5,28
0022200905,IND,ORL,112.16,1,11,23
0022200904,CHA,MIA,114.88,2,15,19
0022200904,MIA,CHA,110.96000000000001,0,9,23
0022200903,DET,TOR,113.16,0,7,30
0022200903,TOR,DET,110.96000000000001,3,11,27
0022200907,MEM,DEN,110.52,0,11,28
0022200907,DEN,MEM,110.16,0,7,32
0022200906,NYK,NOP,117.12,0,1,24
0022200906,NOP,NYK,118.24,0,15,20
0022200909,UTA,SAS,118.32,1,7,32
0022200909,SAS,UTA,115.24,2,12,20
0022200900,CHI,BKN,109.32,1,9,18
0022200900,BKN,CHI,102.36,2,7,15
0022200897,MIL,MIA,116.36,0,8,30
0022200897,MIA,MIL,113.0,2,9,28
0022200898,MIN,CHA,115.04,0,8,20
0022200898,CHA,MIN,115.32,1,11,16
0022200896,ATL,CLE,109.12,0,7,22
0022200896,CLE,ATL,111.76,0,11,24
0022200899,PHX,OKC,115.08,0,8,20
0022200899,OKC,PHX,114.56,0,9,28
0022200895,WAS,NYK,101.28,0,7,24
0022200895,NYK,WAS,111.04,2,15,14
0022200902,LAC,SAC,138.84,0,13,15
0022200902,SAC,LAC,141.4,0,23,11
0022200901,GSW,HOU,103.92,0,5,24
0022200901,HOU,GSW,108.68,1,15,16
0022200894,SAC,POR,116.64,1,12,25
0022200894,POR,SAC,112.48,0,15,9
0022200891,DAL,SAS,103.84,0,13,25
0022200891,SAS,DAL,112.12,1,5,15
0022200892,UTA,OKC,132.88,1,8,17
0022200892,OKC,UTA,133.88,1,16,15
0022200888,ORL,DET,117.12,0,11,21
0022200888,DET,ORL,108.36,1,10,23
0022200886,CLE,DEN,108.8,0,12,21
0022200886,DEN,CLE,110.12,1,8,24
0022200887,IND,BOS,117.68,0,12,19
0022200887,BOS,IND,125.44,1,11,22
0022200893,LAL,GSW,114.96000000000001,0,9,20
0022200893,GSW,LAL,124.24,2,13,21
0022200890,TOR,NOP,114.0,0,11,20
0022200890,NOP,TOR,108.0,1,9,29
0022200889,PHI,MEM,109.84,0,5,26
0022200889,MEM,PHI,113.84,2,6,24
0022200884,MIN,WAS,122.68,1,12,27
0022200884,WAS,MIN,117.48,0,14,23
0022200885,PHX,LAC,108.04,0,10,23
0022200885,LAC,PHX,107.88,2,9,27
0022200883,CHI,MIL,111.24,1,6,15
0022200883,MIL,CHI,103.92,1,4,29
0022200876,ATL,NYK,110.24,1,8,26
0022200876,NYK,ATL,114.68,1,4,28
0022200873,CHA,SAS,123.76,0,12,32
0022200873,SAS,CHA,130.8,1,9,28
0022200877,BOS,DET,107.4,0,12,19
0022200877,DET,BOS,105.04,0,7,17
0022200881,DEN,DAL,103.6,0,7,20
0022200881,DAL,DEN,104.8,0,9,14
0022200878,BKN,MIA,96.8,0,5,25
0022200878,MIA,BKN,103.76,0,8,12
0022200875,PHI,CLE,101.76,0,7,20
0022200875,CLE,PHI,101.0,1,9,26
0022200882,LAL,NOP,108.84,0,10,21
0022200882,NOP,LAL,114.56,1,9,15
0022200879,MEM,UTA,122.0,1,17,23
0022200879,UTA,MEM,122.36,0,3,35
0022200880,OKC,HOU,117.68,1,13,25
0022200880,HOU,OKC,122.72,1,7,17
0022200874,IND,CHI,108.68,1,8,21
0022200874,CHI,IND,106.24,1,13,20
0022200868,TOR,ORL,109.8,1,13,16
0022200868,ORL,TOR,109.92,2,11,17
0022200872,POR,WAS,108.56,1,11,15
0022200872,WAS,POR,102.68,0,6,23
0022200870,PHX,SAC,108.04,0,16,24
0022200870,SAC,PHX,110.56,2,9,20
0022200869,MIL,BOS,123.4,0,10,20
0022200869,BOS,MIL,120.8,0,14,23
0022200871,LAC,GSW,109.68,0,7,15
0022200871,GSW,LAC,105.88,0,3,24
0022200863,CHI,ORL,110.36,1,11,14
0022200863,ORL,CHI,106.36,0,12,22
0022200864,OKC,NOP,113.92,1,16,14
0022200864,NOP,OKC,99.92,1,15,15
0022200858,CLE,SAS,103.0,2,10,17
0022200858,SAS,CLE,109.8,0,13,15
0022200866,GSW,WAS,110.6,0,12,15
0022200866,WAS,GSW,106.24,1,12,20
0022200862,NYK,BKN,101.44,0,8,24
0022200862,BKN,NYK,102.52,0,5,24
0022200857,CHA,ATL,111.12,0,6,26
0022200857,ATL,CHA,129.24,0,11,12
0022200859,IND,UTA,110.8,0,12,19
0022200859,UTA,IND,114.0,0,6,22
0022200867,POR,LAL,109.72,0,10,22
0022200867,LAL,POR,117.24,0,7,27
0022200865,DAL,MIN,105.76,0,7,15
0022200865,MIN,DAL,106.44,2,8,10
0022200860,PHI,HOU,105.48,0,13,21
0022200860,HOU,PHI,116.64,0,14,14
0022200861,MIA,DEN,105.8,0,9,12
0022200861,DEN,MIA,95.6,1,5,23
0022200855,BOS,MEM,109.44,0,7,26
0022200855,MEM,BOS,101.24,1,5,19
0022200856,TOR,DET,110.84,2,7,17
0022200856,DET,TOR,109.08,0,7,29
0022200848,ORL,MIA,115.12,1,15,19
0022200848,MIA,ORL,114.12,0,15,25
0022200854,SAC,DAL,118.0,1,12,21
0022200854,DAL,SAC,114.36,0,4,21
0022200852,CLE,CHI,106.36,1,15,19
0022200852,CHI,CLE,102.6,1,9,18
0022200851,NYK,UTA,117.72,2,8,16
0022200851,UTA,NYK,110.32,0,4,27
0022200847,CHA,DEN,111.76,0,12,14
0022200847,DEN,CHA,120.48,0,11,14
0022200850,ATL,SAS,121.36,1,14,23
0022200850,SAS,ATL,120.48,0,9,25
0022200846,BKN,PHI,105.72,2,9,26
0022200846,PHI,BKN,98.2,1,7,26
0022200853,GSW,LAL,116.28,1,13,23
0022200853,LAL,GSW,115.44,1,10,26
0022200849,WAS,IND,100.68,1,5,18
0022200849,IND,WAS,109.48,2,10,13
0022200845,LAC,MIL,100.16,0,5,21
0022200845,MIL,LAC,108.04,1,8,26
0022200838,BOS,CHA,111.48,0,11,25
0022200838,CHA,BOS,117.44,0,13,11
0022200840,MIA,HOU,102.68,2,13,22
0022200840,HOU,MIA,110.56,1,13,22
0022200836,IND,PHX,112.32,2,13,27
0022200836,PHX,IND,118.56,0,13,22
0022200835,DET,SAS,143.56,2,8,32
0022200835,SAS,DET,138.96,1,10,30
0022200839,TOR,UTA,117.2,0,12,18
0022200839,UTA,TOR,116.76,0,10,31
0022200841,MEM,MIN,113.88,1,15,24
0022200841,MIN,MEM,110.28,1,16,21
0022200837,PHI,NYK,99.68,0,8,17
0022200837,NYK,PHI,100.04,2,3,19
0022200843,POR,OKC,107.64,1,7,15
0022200843,OKC,POR,108.4,2,14,17
0022200844,SAC,DAL,100.08,3,4,25
0022200844,DAL,SAC,105.36,0,7,13
0022200842,NOP,CLE,107.0,3,9,9
0022200842,CLE,NOP,102.6,0,10,12
0022200831,ORL,DEN,115.36,0,12,19
0022200831,DEN,ORL,110.56,0,6,25
0022200834,LAL,MIL,110.24,1,9,24
0022200834,MIL,LAL,116.92,0,10,31
0022200833,BKN,CHI,113.0,1,8,20
0022200833,CHI,BKN,111.24,0,7,28
0022200832,ATL,PHX,124.88,1,7,24
0022200832,PHX,ATL,108.76,1,16,26
0022200828,UTA,MIN,122.24,1,4,22
0022200828,MIN,UTA,111.52,0,7,22
0022200825,MIA,IND,107.16,0,7,23
0022200825,IND,MIA,101.32,2,5,21
0022200830,POR,GSW,113.08,0,7,16
0022200830,GSW,POR,112.4,0,18,16
0022200824,BOS,PHI,93.4,1,6,24
0022200824,PHI,BOS,97.8,1,10,21
0022200826,TOR,SAS,113.24,3,12,27
0022200826,SAS,TOR,110.88,1,12,26
0022200822,CLE,DET,108.0,1,8,17
0022200822,DET,CLE,101.92,3,10,17
0022200823,WAS,CHA,110.48,0,5,31
0022200823,CHA,WAS,109.24,1,13,14
0022200827,HOU,SAC,117.32,0,5,16
0022200827,SAC,HOU,114.2,0,13,15
0022200829,LAC,DAL,106.24,0,14,15
0022200829,DAL,LAC,103.48,0,11,23
0022200818,NOP,ATL,109.24,1,9,21
0022200818,ATL,NOP,107.0,1,4,23
0022200820,DEN,MIN,112.68,0,13,16
0022200820,MIN,DEN,113.44,1,7,14
0022200821,LAL,OKC,116.44,1,9,23
0022200821,OKC,LAL,114.8,1,14,14
0022200817,BKN,PHX,108.64,0,14,34
0022200817,PHX,BKN,119.32,1,14,27
0022200819,MEM,CHI,103.24,2,12,23
0022200819,CHI,MEM,116.88,1,11,20
0022200816,ORL,NYK,100.56,1,6,16
0022200816,NYK,ORL,99.36,0,8,15
0022200812,HOU,SAC,111.56,0,9,16
0022200812,SAC,HOU,106.92,1,11,17
0022200815,POR,MIL,111.76,2,8,26
0022200815,MIL,POR,110.24,1,6,26
0022200813,UTA,DAL,111.44,1,8,26
0022200813,DAL,UTA,114.64,0,11,21
0022200809,WAS,CLE,104.36,1,10,21
0022200809,CLE,WAS,102.8,0,14,21
0022200808,DET,BOS,105.24,1,11,20
0022200808,BOS,DET,103.24,0,7,24
0022200810,BKN,LAC,109.68,2,6,22
0022200810,LAC,BKN,112.2,0,13,22
0022200811,CHI,SAS,113.0,0,18,23
0022200811,SAS,CHI,115.48,1,9,18
0022200814,GSW,OKC,116.08,0,7,23
0022200814,OKC,GSW,111.24,0,10,15
0022200802,CHA,ORL,108.12,0,9,20
0022200802,ORL,CHA,116.2,0,9,17
0022200805,MEM,TOR,108.12,0,11,32
0022200805,TOR,MEM,117.28,0,15,16
0022200803,IND,CLE,114.68,1,6,22
0022200803,CLE,IND,107.04,0,11,22
0022200806,MIN,DEN,111.2,1,14,15
0022200806,DEN,MIN,105.64,0,7,15
0022200804,NYK,PHI,105.16,1,6,23
0022200804,PHI,NYK,100.84,2,6,24
0022200807,NOP,SAC,109.96000000000001,0,11,12
0022200807,SAC,NOP,108.88,1,8,14
0022200794,DET,PHX,106.68,1,14,19
0022200794,PHX,DET,104.64,0,13,20
0022200799,OKC,HOU,115.12,1,14,19
0022200799,HOU,OKC,115.88,1,4,16
0022200795,NYK,LAC,115.44,0,9,27
0022200795,LAC,NYK,120.4,0,10,22
0022200801,DEN,ATL,115.8,1,15,21
0022200801,ATL,DEN,113.48,1,10,18
0022200800,GSW,DAL,104.36,0,9,22
0022200800,DAL,GSW,110.88,0,12,16
0022200797,MIL,MIA,112.32,0,7,23
0022200797,MIA,MIL,117.24,0,10,14
0022200798,NOP,LAL,118.8,0,8,14
0022200798,LAL,NOP,117.52,1,6,20
0022200796,CHI,POR,103.0,0,8,17
0022200796,POR,CHI,105.24,0,7,16
0022200793,BKN,WAS,113.32,1,10,23
0022200793,WAS,BKN,114.03999999999999,0,11,26
0022200788,BOS,PHX,102.64,0,6,27
0022200788,PHX,BOS,109.16,1,12,17
0022200791,SAS,PHI,113.6,1,8,17
0022200791,PHI,SAS,115.03999999999999,0,15,15
0022200792,UTA,ATL,113.92,0,6,30
0022200792,ATL,UTA,114.12,0,11,16
0022200790,MIN,ORL,119.32,1,9,11
0022200790,ORL,MIN,116.72,0,15,16
0022200787,WAS,POR,103.68,0,6,19
0022200787,POR,WAS,105.12,1,8,19
0022200789,HOU,TOR,107.52,0,8,24
0022200789,TOR,HOU,110.88,0,12,13
0022200785,DET,CHA,118.12,0,9,19
0022200785,CHA,DET,116.2,1,18,15
0022200786,IND,SAC,111.16,1,15,21
0022200786,SAC,IND,113.8,1,9,21
0022200779,CLE,MEM,115.68,0,15,20
0022200779,MEM,CLE,114.68,1,10,28
0022200780,NYK,MIA,107.92,1,10,26
0022200780,MIA,NYK,104.04,1,14,17
0022200784,MIL,LAC,111.88,0,6,37
0022200784,LAC,MIL,110.8,0,9,27
0022200782,DAL,NOP,105.76,0,13,18
0022200782,NOP,DAL,110.24,0,7,26
0022200778,LAL,IND,118.64,0,10,27
0022200778,IND,LAL,111.64,0,10,21
0022200783,DEN,GSW,110.24,0,15,24
0022200783,GSW,DEN,110.36,2,7,18
0022200781,CHI,CHA,103.44,1,10,22
0022200781,CHA,CHI,113.6,1,11,16
0022200771,MEM,POR,111.32,0,11,18
0022200771,POR,MEM,111.88,0,7,18
0022200770,PHI,ORL,107.44,1,10,26
0022200770,ORL,PHI,113.76,1,14,21
0022200777,PHX,ATL,115.64,0,10,21
0022200777,ATL,PHX,107.84,0,8,18
0022200774,MIN,GSW,127.56,0,11,17
0022200774,GSW,MIN,122.96000000000001,0,9,19
0022200773,HOU,OKC,124.64,0,8,18
0022200773,OKC,HOU,122.68,1,15,14
0022200772,BOS,BKN,106.4,2,4,32
0022200772,BKN,BOS,100.92,2,8,20
0022200776,UTA,TOR,112.2,0,6,30
0022200776,TOR,UTA,128.44,0,13,10
0022200775,SAS,SAC,109.08,1,7,16
0022200775,SAC,SAS,107.36,0,16,18
0022200768,DEN,NOP,115.56,0,11,20
0022200768,NOP,DEN,111.0,0,16,24
0022200766,CHI,LAC,106.24,0,7,22
0022200766,LAC,CHI,112.44,0,17,21
0022200765,NYK,LAL,121.08,0,10,18
0022200765,LAL,NYK,120.64,0,7,26
0022200767,MIL,CHA,128.88,0,10,38
0022200767,CHA,MIL,133.44,0,9,22
0022200764,CLE,MIA,101.28,2,10,22
0022200764,MIA,CLE,102.0,0,10,23
0022200758,MIN,SAC,121.0,0,11,29
0022200758,SAC,MIN,120.68,0,17,22
0022200761,DAL,DET,103.52,0,12,21
0022200761,DET,DAL,104.88,1,10,17
0022200756,PHI,ORL,114.12,0,9,22
0022200756,ORL,PHI,122.2,0,14,23
0022200762,PHX,TOR,108.24,1,12,29
0022200762,TOR,PHX,110.36,0,10,20
0022200760,SAS,WAS,117.12,1,10,19
0022200760,WAS,SAS,106.48,0,8,23
0022200763,POR,ATL,98.88,1,3,23
0022200763,ATL,POR,113.2,0,7,16
0022200757,BKN,LAL,112.36,0,9,22
0022200757,LAL,BKN,119.28,1,5,20
0022200759,OKC,GSW,117.8,0,13,20
0022200759,GSW,OKC,113.8,1,11,28
0022200754,CLE,LAC,96.36,2,12,26
0022200754,LAC,CLE,113.88,3,8,22
0022200755,MIL,NOP,115.8,0,9,18
0022200755,NOP,MIL,114.24,1,9,18
0022200753,MEM,IND,105.68,1,13,15
0022200753,IND,MEM,105.24,2,6,22
0022200752,CHA,MIA,111.68,1,8,14
0022200752,MIA,CHA,113.12,0,15,12
0022200743,DET,HOU,112.64,0,10,9
0022200743,HOU,DET,120.88,0,11,13
0022200744,ORL,CHI,105.56,0,9,10
0022200744,CHI,ORL,101.36,1,9,15
0022200751,POR,TOR,97.12,2,5,21
0022200751,TOR,POR,105.92,1,10,14
0022200750,UTA,DAL,108.56,0,11,15
0022200750,DAL,UTA,101.48,1,12,25
0022200749,BOS,LAL,113.16,0,8,17
0022200749,LAL,BOS,125.8,0,7,21
0022200748,SAS,PHX,129.48,0,7,29
0022200748,PHX,SAS,123.44,0,10,30
0022200742,BKN,NYK,101.16,0,6,23
0022200742,NYK,BKN,106.36,1,6,26
0022200747,NOP,WAS,110.36,2,12,22
0022200747,WAS,NOP,116.76,0,8,24
0022200746,MIN,SAC,108.24,0,7,20
0022200746,SAC,MIN,106.84,0,10,17
0022200741,PHI,DEN,110.56,0,12,21
0022200741,DEN,PHI,103.8,0,8,14
0022200745,ATL,LAC,111.8,0,13,21
0022200745,LAC,ATL,102.36,1,7,30
0022200736,IND,MIL,114.32,0,13,21
0022200736,MIL,IND,127.64,0,12,20
0022200740,GSW,TOR,108.6,0,6,24
0022200740,TOR,GSW,120.24,2,7,18
0022200737,MIN,MEM,111.6,1,14,23
0022200737,MEM,MIN,121.36,1,15,18
0022200739,OKC,CLE,101.0,0,8,22
0022200739,CLE,OKC,105.92,1,11,16
0022200738,MIA,ORL,107.44,0,13,14
0022200738,ORL,MIA,103.08,0,6,25
0022200734,PHX,DAL,100.04,2,6,19
0022200734,DAL,PHX,96.32,2,4,26
0022200732,CHA,CHI,111.64,0,8,26
0022200732,CHI,CHA,113.68,2,13,23
0022200735,LAC,SAS,103.24,2,9,10
0022200735,SAS,LAC,106.32,0,2,12
0022200733,HOU,CLE,106.8,1,7,15
0022200733,CLE,HOU,105.68,0,16,14
0022200731,BKN,DET,121.88,0,8,25
0022200731,DET,BKN,117.44,0,13,19
0022200730,BOS,NYK,123.12,2,6,32
0022200730,NYK,BOS,114.12,0,9,24
0022200724,NOP,MIN,108.24,0,4,15
0022200724,MIN,NOP,103.32,1,11,19
0022200726,GSW,MEM,118.32,1,11,18
0022200726,MEM,GSW,117.28,1,15,22
0022200723,MIL,DEN,112.32,0,12,26
0022200723,DEN,MIL,123.04,1,13,24
0022200720,ORL,IND,110.0,3,9,17
0022200720,IND,ORL,111.76,1,15,10
0022200721,PHI,BKN,106.84,0,11,19
0022200721,BKN,PHI,103.88,2,8,19
0022200725,OKC,ATL,120.04,1,14,11
0022200725,ATL,OKC,114.52,1,8,18
0022200728,SAC,TOR,97.72,1,9,21
0022200728,TOR,SAC,109.08,0,16,13
0022200722,HOU,WAS,119.8,1,6,26
0022200722,WAS,HOU,115.12,0,13,21
0022200727,POR,UTA,106.92,0,11,21
0022200727,UTA,POR,109.6,0,6,19
0022200729,LAL,SAS,122.2,0,13,32
0022200729,SAS,LAL,127.92,1,14,18
0022200713,IND,CHI,117.32,0,13,18
0022200713,CHI,IND,115.0,2,5,28
0022200714,BOS,MIA,102.88,1,6,34
0022200714,MIA,BOS,111.12,0,11,18
0022200716,NOP,DEN,107.8,0,8,12
0022200716,DEN,NOP,97.72,2,11,24
0022200718,PHX,CHA,116.72,1,9,26
0022200718,CHA,PHX,116.92,1,14,16
0022200717,DAL,WAS,109.44,1,9,19
0022200717,WAS,DAL,111.03999999999999,0,8,10
0022200715,NYK,CLE,99.24,2,5,24
0022200715,CLE,NYK,104.04,2,9,19
0022200719,LAL,LAC,111.56,3,9,18
0022200719,LAC,LAL,102.6,1,5,24
0022200706,DET,MIL,124.6,1,14,15
0022200706,MIL,DET,126.56,0,15,25
0022200711,POR,SAS,110.68,0,12,22
0022200711,SAS,POR,116.44,1,8,16
0022200710,UTA,CHA,113.44,1,11,22
0022200710,CHA,UTA,113.96000000000001,0,12,13
0022200707,ORL,BOS,104.56,0,13,13
0022200707,BOS,ORL,105.84,1,8,13
0022200712,SAC,MEM,118.16,0,13,29
0022200712,MEM,SAC,117.4,1,18,14
0022200709,HOU,MIN,121.2,0,13,27
0022200709,MIN,HOU,119.68,3,11,21
0022200708,CHI,ATL,111.92,1,15,22
0022200708,ATL,CHI,111.36,2,7,25
0022200704,GSW,BKN,111.88,1,13,18
0022200704,BKN,GSW,107.64,1,6,27
0022200702,DEN,OKC,105.52,0,8,25
0022200702,OKC,DEN,104.04,0,9,22
0022200699,MIA,NOP,112.88,0,21,11
0022200699,NOP,MIA,109.92,1,19,17
0022200700,TOR,NYK,112.4,1,13,23
0022200700,NYK,TOR,109.44,1,6,34
0022200703,PHX,MEM,115.0,0,11,21
0022200703,MEM,PHX,123.88,1,14,22
0022200705,POR,LAL,108.0,1,10,22
0022200705,LAL,POR,109.88,1,11,25
0022200701,DAL,LAC,101.44,1,6,21
0022200701,LAC,DAL,100.64,0,8,20
0022200697,PHX,IND,121.4,1,13,24
0022200697,IND,PHX,121.44,0,12,29
0022200694,ATL,CHA,107.8,0,9,16
0022200694,CHA,ATL,110.68,1,13,23
0022200695,CLE,MIL,102.48,2,11,18
0022200695,MIL,CLE,104.84,0,5,23
0022200693,WAS,ORL,114.0,1,8,21
0022200693,ORL,WAS,110.56,0,4,21
0022200698,SAC,PHI,104.76,0,11,23
0022200698,PHI,SAC,118.12,1,4,16
0022200692,TOR,BOS,103.08,0,12,20
0022200692,BOS,TOR,106.6,0,11,24
0022200696,MIN,HOU,104.56,2,14,14
0022200696,HOU,MIN,114.52,1,6,15
0022200688,DEN,IND,110.44,0,19,15
0022200688,IND,DEN,121.28,2,12,20
0022200685,CLE,GSW,107.36,1,11,17
0022200685,GSW,CLE,111.36,0,12,24
0022200686,DAL,MIA,102.32,1,10,12
0022200686,MIA,DAL,95.88,0,6,18
0022200683,ORL,NOP,103.96000000000001,1,5,27
0022200683,NOP,ORL,111.56,1,10,17
0022200689,UTA,BKN,108.12,2,7,24
0022200689,BKN,UTA,97.8,1,10,26
0022200691,SAC,OKC,114.32,0,1,16
0022200691,OKC,SAC,106.84,0,9,8
0022200687,SAS,LAC,101.16,0,5,17
0022200687,LAC,SAS,98.8,1,6,22
0022200684,ATL,NYK,114.04,0,8,15
0022200684,NYK,ATL,102.48,0,6,25
0022200690,LAL,MEM,120.03999999999999,0,11,32
0022200690,MEM,LAL,133.6,1,6,19
0022200679,BOS,GSW,138.2,0,15,38
0022200679,GSW,BOS,126.12,0,14,32
0022200682,POR,PHI,112.76,3,8,19
0022200682,PHI,POR,101.36,1,8,27
0022200681,PHX,BKN,119.03999999999999,1,10,29
0022200681,BKN,PHX,105.0,0,13,25
0022200678,DET,CHI,123.88,0,8,22
0022200678,CHI,DET,115.24,1,13,23
0022200680,MIN,TOR,114.12,0,14,13
0022200680,TOR,MIN,114.88,0,9,14
0022200670,DAL,ATL,110.56,0,10,18
0022200670,ATL,DAL,106.8,0,10,10
0022200673,NOP,MIA,105.92,2,6,17
0022200673,MIA,NOP,110.04,0,13,20
0022200672,MEM,CLE,114.68,2,11,27
0022200672,CLE,MEM,107.24,0,7,31
0022200676,DEN,MIN,113.08,2,11,14
0022200676,MIN,DEN,110.32,2,10,17
0022200674,IND,OKC,127.56,2,13,15
0022200674,OKC,IND,119.24,1,18,17
0022200675,UTA,LAC,104.68,0,11,32
0022200675,LAC,UTA,114.24,0,3,21
0022200671,HOU,CHA,118.8,1,7,22
0022200671,CHA,HOU,116.0,1,16,15
0022200669,NYK,WAS,116.88,1,10,15
0022200669,WAS,NYK,116.36,0,7,25
0022200677,LAL,SAC,102.92,0,9,26
0022200677,SAC,LAL,109.88,1,4,20
0022200666,SAS,BKN,124.32,0,17,32
0022200666,BKN,SAS,119.56,1,15,22
0022200668,LAC,PHI,108.8,1,7,19
0022200668,PHI,LAC,101.96000000000001,1,14,18
0022200667,DEN,POR,111.32,0,12,20
0022200667,POR,DEN,107.0,1,5,18
0022200665,MIL,TOR,106.24,0,7,26
0022200665,TOR,MIL,121.88,1,9,24
0022200657,MIL,IND,110.6,1,12,22
0022200657,IND,MIL,105.6,1,8,21
0022200663,MEM,PHX,116.8,0,13,25
0022200663,PHX,MEM,112.36,1,8,25
0022200656,CHA,BOS,108.2,1,9,21
0022200656,BOS,CHA,109.0,0,4,28
0022200660,WAS,GSW,110.12,0,9,19
0022200660,GSW,WAS,112.24,0,12,22
0022200664,LAL,HOU,108.4,0,5,21
0022200664,HOU,LAL,121.64,0,1,25
0022200661,ATL,MIA,101.68,1,12,16
0022200661,MIA,ATL,111.8,0,14,18
0022200658,CLE,NOP,109.52,0,12,19
0022200658,NOP,CLE,101.68,0,10,21
0022200659,NYK,TOR,125.4,0,5,18
0022200659,TOR,NYK,120.03999999999999,1,9,23
0022200662,MIN,UTA,113.92,0,12,17
0022200662,UTA,MIN,114.32,1,2,25
0022200654,POR,DAL,110.48,0,8,19
0022200654,DAL,POR,112.52,1,5,18
0022200649,LAC,HOU,112.24,0,16,27
0022200649,HOU,LAC,114.12,2,10,26
0022200650,CHI,GSW,115.56,0,19,9
0022200650,GSW,CHI,115.68,0,7,13
0022200655,LAL,PHI,101.72,1,7,14
0022200655,PHI,LAL,102.36,2,7,14
0022200652,SAS,SAC,111.8,1,2,18
0022200652,SAC,SAS,105.0,0,5,18
0022200648,DET,NYK,100.6,2,5,20
0022200648,NYK,DET,107.64,1,7,18
0022200651,BKN,OKC,114.36,1,5,19
0022200651,OKC,BKN,109.44,1,10,25
0022200653,DEN,ORL,112.36,0,11,16
0022200653,ORL,DEN,111.96000000000001,1,12,17
0022200641,MIA,MIL,103.28,0,10,25
0022200641,MIL,MIA,99.28,0,9,27
0022200646,UTA,PHI,110.12,0,6,11
0022200646,PHI,UTA,108.44,2,9,15
0022200644,TOR,ATL,112.2,1,11,23
0022200644,ATL,TOR,102.92,2,10,26
0022200643,IND,MEM,134.32,1,10,18
0022200643,MEM,IND,114.32,1,16,25
0022200642,CHA,BOS,107.36,0,5,21
0022200642,BOS,CHA,110.4,0,8,21
0022200647,POR,DAL,106.68,1,8,18
0022200647,DAL,POR,100.36,3,5,25
0022200645,MIN,CLE,99.6,0,15,17
0022200645,CLE,MIN,104.12,2,10,16
0022200640,SAC,HOU,112.76,0,13,16
0022200640,HOU,SAC,117.0,0,12,11
0022200638,UTA,ORL,124.6,0,11,25
0022200638,ORL,UTA,118.04,0,18,18
0022200634,WAS,NYK,111.44,0,6,25
0022200634,NYK,WAS,112.64,1,6,22
0022200633,IND,ATL,125.76,1,11,27
0022200633,ATL,IND,116.24,0,10,24
0022200635,SAS,GSW,117.96000000000001,1,8,10
0022200635,GSW,SAS,121.8,0,10,20
0022200639,LAC,DEN,105.16,1,6,26
0022200639,DEN,LAC,103.0,0,8,19
0022200636,CHI,OKC,111.56,1,8,16
0022200636,OKC,CHI,111.68,0,13,17
0022200632,DET,NOP,113.56,1,10,21
0022200632,NOP,DET,115.2,0,8,22
0022200637,MIN,PHX,112.8,0,18,25
0022200637,PHX,MIN,115.56,1,12,19
0022200631,POR,CLE,106.76,0,8,21
0022200631,CLE,POR,113.64,1,11,18
0022200626,PHI,OKC,116.88,0,7,20
0022200626,OKC,PHI,111.52,0,14,19
0022200628,MIA,MIL,115.04,1,9,28
0022200628,MIL,MIA,103.6,0,10,30
0022200630,LAL,DAL,132.88,3,11,24
0022200630,DAL,LAL,119.48,1,6,28
0022200629,TOR,CHA,107.84,0,18,15
0022200629,CHA,TOR,110.88,0,7,19
0022200627,BKN,BOS,100.84,1,10,26
0022200627,BOS,BKN,106.48,0,7,28
0022200619,WAS,CHI,108.24,0,7,20
0022200619,CHI,WAS,103.96,1,12,18
0022200621,BOS,NOP,111.0,0,9,21
0022200621,NOP,BOS,103.48,0,6,20
0022200625,SAC,HOU,116.64,1,7,23
0022200625,HOU,SAC,116.48,0,8,17
0022200622,NYK,IND,110.52,0,12,22
0022200622,IND,NYK,112.24,3,11,21
0022200623,MEM,SAS,125.0,0,8,26
0022200623,SAS,MEM,129.12,1,10,40
0022200618,DET,MIN,108.32,1,13,24
0022200618,MIN,DET,115.24,1,11,18
0022200620,ATL,MIL,105.92,1,7,25
0022200620,MIL,ATL,112.84,0,8,34
0022200624,DEN,PHX,104.24,3,10,24
0022200624,PHX,DEN,112.16,1,9,22
0022200617,LAC,DAL,108.2,1,8,16
0022200617,DAL,LAC,95.84,1,5,18
0022200611,MIA,OKC,115.6,1,14,21
0022200611,OKC,MIA,118.24,1,14,22
0022200612,PHI,DET,120.2,0,9,24
0022200612,DET,PHI,115.84,1,17,11
0022200614,UTA,CLE,118.28,0,5,21
0022200614,CLE,UTA,105.56,1,8,20
0022200616,POR,ORL,111.36,0,12,17
0022200616,ORL,POR,105.0,1,16,24
0022200613,TOR,CHA,113.88,1,6,20
0022200613,CHA,TOR,101.6,0,10,20
0022200615,GSW,PHX,122.88,0,19,23
0022200615,PHX,GSW,124.64,2,10,25
0022200606,BOS,CHI,105.24,1,4,26
0022200606,CHI,BOS,99.16,0,8,23
0022200610,SAC,ORL,113.28,0,9,16
0022200610,ORL,SAC,111.8,0,9,24
0022200605,WAS,NOP,109.92,0,8,20
0022200605,NOP,WAS,115.64,0,16,16
0022200608,MEM,SAS,119.4,0,11,28
0022200608,SAS,MEM,118.04,0,10,35
0022200609,DEN,LAL,123.48,1,11,19
0022200609,LAL,DEN,117.0,0,14,25
0022200607,NYK,MIL,116.68,0,9,22
0022200607,MIL,NYK,110.92,0,4,37
0022200601,HOU,MIN,113.6,2,12,18
0022200601,MIN,HOU,106.68,2,14,18
0022200604,LAC,ATL,119.64,0,7,23
0022200604,ATL,LAC,106.8,0,9,30
0022200596,DET,PHI,117.92,1,11,23
0022200596,PHI,DET,117.12,0,16,15
0022200599,MIA,BKN,110.48,3,12,18
0022200599,BKN,MIA,98.6,1,8,32
0022200600,MEM,UTA,121.68,1,17,21
0022200600,UTA,MEM,117.68,0,10,31
0022200603,PHX,CLE,104.84,0,9,18
0022200603,CLE,PHX,99.48,0,11,25
0022200598,IND,CHA,117.52,0,16,24
0022200598,CHA,IND,117.88,0,10,24
0022200602,OKC,DAL,111.8,1,10,11
0022200602,DAL,OKC,103.48,0,7,18
0022200597,TOR,POR,113.76,2,15,16
0022200597,POR,TOR,114.28,0,8,28
0022200592,CHI,UTA,107.08,0,6,12
0022200592,UTA,CHI,110.92,0,9,15
0022200594,GSW,ORL,113.24,1,8,19
0022200594,ORL,GSW,107.56,0,13,15
0022200595,SAC,LAL,116.28,0,10,14
0022200595,LAL,SAC,113.52,0,8,21
0022200591,SAS,BOS,119.16,0,10,21
0022200591,BOS,SAS,116.92,0,10,24
0022200593,DAL,NOP,107.72,1,9,22
0022200593,NOP,DAL,121.4,0,16,17
0022200582,TOR,NYK,105.4,2,8,19
0022200582,NYK,TOR,105.44,0,5,21
0022200586,NOP,BKN,114.0,1,10,24
0022200586,BKN,NOP,105.8,1,10,17
0022200590,LAL,ATL,116.04,0,7,22
0022200590,ATL,LAL,117.68,2,14,15
0022200589,PHX,MIA,107.0,1,8,16
0022200589,MIA,PHX,103.64,0,11,22
0022200584,OKC,WAS,113.16,0,13,21
0022200584,WAS,OKC,114.84,1,6,20
0022200581,PHI,CHI,106.92,1,9,19
0022200581,CHI,PHI,102.48,0,4,25
0022200583,MIL,CHA,110.56,0,5,30
0022200583,CHA,MIL,115.36,1,12,18
0022200588,DEN,CLE,103.12,1,6,25
0022200588,CLE,DEN,108.08,2,10,12
0022200585,SAS,DET,109.44,1,10,22
0022200585,DET,SAS,115.48,1,13,21
0022200580,IND,POR,108.32,0,13,22
0022200580,POR,IND,119.48,2,11,24
0022200577,DAL,BOS,112.0,0,7,17
0022200577,BOS,DAL,108.64,0,8,32
0022200579,DEN,LAC,109.24,1,6,25
0022200579,LAC,DEN,109.0,1,9,19
0022200576,ORL,MEM,107.2,1,9,26
0022200576,MEM,ORL,114.12,1,8,20
0022200578,HOU,UTA,117.44,0,7,19
0022200578,UTA,HOU,110.24,1,13,25
0022200569,TOR,MIL,132.8,1,17,24
0022200569,MIL,TOR,126.2,1,6,44
0022200565,CLE,PHX,101.12,2,11,18
0022200565,PHX,CLE,101.92,1,12,22
0022200575,SAC,ATL,109.88,1,13,19
0022200575,ATL,SAC,108.68,1,10,27
0022200572,NOP,HOU,114.44,0,9,24
0022200572,HOU,NOP,112.88,1,12,22
0022200567,PHI,IND,116.68,0,7,21
0022200567,IND,PHI,119.44,1,8,22
0022200566,ORL,OKC,112.84,0,8,21
0022200566,OKC,ORL,111.64,1,13,14
0022200570,CHI,BKN,108.76,0,8,15
0022200570,BKN,CHI,110.24,2,13,22
0022200568,NYK,SAS,117.44,1,12,11
0022200568,SAS,NYK,108.44,2,8,12
0022200564,CHA,MEM,116.56,0,13,21
0022200564,MEM,CHA,124.28,0,10,22
0022200571,MIN,POR,105.84,2,13,18
0022200571,POR,MIN,109.48,1,11,17
0022200574,LAL,MIA,111.2,0,11,22
0022200574,MIA,LAL,117.24,0,11,19
0022200573,GSW,DET,107.6,2,4,20
0022200573,DET,GSW,110.12,0,13,17
0022200561,MIL,WAS,119.48,0,9,26
0022200561,WAS,MIL,117.12,0,10,14
0022200563,UTA,SAC,116.76,1,12,12
0022200563,SAC,UTA,110.92,0,11,14
0022200562,OKC,BOS,120.68,0,16,15
0022200562,BOS,OKC,118.64,0,8,16
0022200558,GSW,ATL,150.56,0,11,25
0022200558,ATL,GSW,134.76,0,14,20
0022200557,MIN,DEN,109.88,1,9,15
0022200557,DEN,MIN,113.8,1,11,17
0022200550,NYK,PHX,92.0,0,3,21
0022200550,PHX,NYK,98.08,1,6,20
0022200551,CHA,LAL,119.76,1,10,22
0022200551,LAL,CHA,120.2,0,9,34
0022200560,LAC,MIA,96.96000000000001,0,8,20
0022200560,MIA,LAC,106.56,0,9,24
0022200559,POR,DET,117.4,0,20,29
0022200559,DET,POR,121.03999999999999,0,13,21
0022200556,HOU,DAL,104.76,0,6,15
0022200556,DAL,HOU,103.96000000000001,0,10,10
0022200554,PHI,NOP,107.32,0,12,18
0022200554,NOP,PHI,109.8,1,7,24
0022200555,BKN,SAS,111.6,0,14,27
0022200555,SAS,BKN,122.92,1,7,21
0022200552,CLE,CHI,121.8,0,6,25
0022200552,CHI,CLE,116.96000000000001,0,9,18
0022200553,IND,TOR,116.44,0,6,15
0022200553,TOR,IND,112.12,1,9,20
0022200547,MEM,SAC,121.56,1,12,24
0022200547,SAC,MEM,117.6,1,9,23
0022200549,DEN,BOS,100.92,0,8,19
0022200549,BOS,DEN,111.88,3,8,22
0022200548,MIL,WAS,118.6,1,12,28
0022200548,WAS,MIL,118.04,0,12,25
0022200538,IND,LAC,111.76,1,11,14
0022200538,LAC,IND,107.76,1,8,24
0022200542,SAS,DAL,112.08,0,3,18
0022200542,DAL,SAS,100.24,0,9,21
0022200543,MEM,NOP,118.68,1,17,17
0022200543,NOP,MEM,125.84,1,8,19
0022200540,CHI,CLE,106.56,1,17,15
0022200540,CLE,CHI,113.36,0,10,13
0022200541,HOU,NYK,111.12,0,8,26
0022200541,NYK,HOU,114.08,1,15,19
0022200539,CHA,BKN,117.24,0,8,16
0022200539,BKN,CHA,102.36,0,8,17
0022200544,MIN,DET,109.44,0,8,21
0022200544,DET,MIN,115.32,0,8,23
0022200545,OKC,PHI,117.68,0,12,15
0022200545,PHI,OKC,119.48,0,11,20
0022200546,UTA,MIA,116.36,0,8,18
0022200546,MIA,UTA,114.2,0,12,17
0022200530,ATL,LAL,119.8,0,6,20
0022200530,LAL,ATL,119.92,0,9,29
0022200531,TOR,PHX,104.44,1,19,18
0022200531,PHX,TOR,106.12,0,11,27
0022200537,SAC,UTA,113.36,0,11,14
0022200537,UTA,SAC,110.2,0,11,20
0022200532,CHI,DET,111.6,2,12,13
0022200532,DET,CHI,110.56,1,12,22
0022200529,ORL,WAS,118.04,0,15,13
0022200529,WAS,ORL,112.0,0,6,32
0022200535,DEN,MIA,105.68,1,10,24
0022200535,MIA,DEN,114.2,0,14,15
0022200533,MIL,MIN,128.52,0,5,26
0022200533,MIN,MIL,114.96000000000001,0,14,15
0022200536,GSW,POR,112.24,1,12,25
0022200536,POR,GSW,115.12,1,9,17
0022200534,NOP,PHI,107.84,1,15,13
0022200534,PHI,NOP,102.68,2,8,14
0022200527,SAS,NYK,111.76,1,7,29
0022200527,NYK,SAS,115.64,2,7,20
0022200526,TOR,MEM,114.56,1,12,20
0022200526,MEM,TOR,116.16,0,7,35
0022200525,BOS,LAC,111.68,1,7,19
0022200525,LAC,BOS,107.16,1,8,19
0022200524,IND,CLE,102.24,1,8,20
0022200524,CLE,IND,114.8,1,7,21
0022200523,CHA,OKC,113.76,0,12,18
0022200523,OKC,CHA,120.24,1,12,16
0022200528,DAL,HOU,110.0,1,8,19
0022200528,HOU,DAL,114.28,1,6,18
0022200516,WAS,PHX,106.32,0,9,20
0022200516,PHX,WAS,105.04,1,11,15
0022200519,CHI,MIL,118.2,0,7,26
0022200519,MIL,CHI,138.08,1,10,33
0022200522,SAC,DEN,112.0,0,14,14
0022200522,DEN,SAC,108.92,0,9,18
0022200517,ATL,BKN,109.68,0,7,26
0022200517,BKN,ATL,102.48,1,1,28
0022200520,NOP,MIN,112.92,0,7,16
0022200520,MIN,NOP,108.08,2,11,16
0022200521,GSW,UTA,110.88,0,9,23
0022200521,UTA,GSW,114.44,1,10,19
0022200518,MIA,LAL,104.04,2,19,15
0022200518,LAL,MIA,107.6,1,4,31
0022200515,DET,ORL,110.6,0,10,20
0022200515,ORL,DET,112.96000000000001,0,9,14
0022200510,MEM,PHX,119.96000000000001,3,11,15
0022200510,PHX,MEM,117.0,1,11,28
0022200506,WAS,PHI,113.64,1,11,14
0022200506,PHI,WAS,112.64,3,11,17
0022200512,DAL,NYK,113.52,1,8,21
0022200512,NYK,DAL,122.56,0,9,14
0022200505,ORL,LAL,106.0,1,9,18
0022200505,LAL,ORL,110.48,0,9,23
0022200514,SAC,DEN,106.36,0,11,21
0022200514,DEN,SAC,108.24,0,13,19
0022200507,BOS,HOU,111.12,2,11,26
0022200507,HOU,BOS,114.16,1,7,10
0022200509,TOR,LAC,107.44,2,7,19
0022200509,LAC,TOR,112.12,0,11,25
0022200513,GSW,CHA,119.56,2,8,24
0022200513,CHA,GSW,115.0,0,8,14
0022200508,IND,ATL,113.88,0,4,27
0022200508,ATL,IND,110.76,3,5,22
0022200511,OKC,SAS,111.64,1,12,17
0022200511,SAS,OKC,119.16,2,10,17
0022200501,CHI,HOU,109.24,1,7,16
0022200501,HOU,CHI,111.68,0,8,22
0022200502,NOP,IND,114.56,0,12,12
0022200502,IND,NOP,104.8,2,11,15
0022200503,SAS,UTA,115.96000000000001,0,11,19
0022200503,UTA,SAS,125.28,0,11,23
0022200504,POR,CHA,113.32,1,9,31
0022200504,CHA,POR,126.0,0,9,19
0022200498,CLE,BKN,107.2,2,10,23
0022200498,BKN,CLE,104.48,0,11,22
0022200499,DET,LAC,131.96,0,13,17
0022200499,LAC,DET,122.76,1,13,35
0022200500,MIA,MIN,114.52,0,11,9
0022200500,MIN,MIA,107.16,1,6,20
0022200495,BOS,MIL,107.0,0,12,15
0022200495,MIL,BOS,110.88,1,9,17
0022200497,DEN,PHX,120.96000000000001,0,10,22
0022200497,PHX,DEN,118.44,1,8,29
0022200493,NYK,PHI,105.48,2,5,16
0022200493,PHI,NYK,95.76,0,6,28
0022200494,DAL,LAL,106.0,2,7,12
0022200494,LAL,DAL,102.08,0,9,11
0022200496,GSW,MEM,112.44,0,8,20
0022200496,MEM,GSW,120.2,2,7,21
0022200479,ORL,SAS,112.8,0,11,18
0022200479,SAS,ORL,117.92,2,11,10
0022200487,HOU,DAL,107.32,0,11,21
0022200487,DAL,HOU,105.88,1,13,21
0022200482,BOS,MIN,122.44,1,13,24
0022200482,MIN,BOS,113.6,1,5,18
0022200483,BKN,MIL,108.72,0,16,13
0022200483,MIL,BKN,111.68,2,9,31
0022200492,LAL,CHA,118.68,0,11,21
0022200492,CHA,LAL,117.92,0,15,7
0022200484,CLE,TOR,103.2,1,11,22
0022200484,TOR,CLE,109.92,1,12,14
0022200489,DEN,POR,102.44,1,11,26
0022200489,POR,DEN,111.44,1,8,21
0022200490,PHX,MEM,112.44,2,8,27
0022200490,MEM,PHX,117.72,1,13,26
0022200480,PHI,LAC,103.16,0,9,21
0022200480,LAC,PHI,102.12,0,7,22
0022200485,NYK,CHI,107.44,0,4,27
0022200485,CHI,NYK,104.92,0,9,20
0022200491,SAC,WAS,112.4,1,8,15
0022200491,WAS,SAC,107.56,0,10,22
0022200486,MIA,IND,111.16,0,11,13
0022200486,IND,MIA,105.16,0,7,25
0022200481,ATL,DET,110.56,0,12,21
0022200481,DET,ATL,116.76,0,8,16
0022200488,OKC,NOP,131.0,0,15,19
0022200488,NOP,OKC,132.6,0,11,30
0022200477,NOP,SAS,119.88,0,15,19
0022200477,SAS,NOP,118.88,0,13,17
0022200478,UTA,WAS,106.24,1,7,19
0022200478,WAS,UTA,99.48,0,8,22
0022200475,SAC,LAL,119.32,0,13,23
0022200475,LAL,SAC,112.2,0,9,14
0022200474,OKC,POR,106.0,2,14,14
0022200474,POR,OKC,100.96,0,13,13
0022200470,BKN,GSW,105.04,0,17,13
0022200470,GSW,BKN,115.0,1,8,17
0022200472,HOU,ORL,111.48,0,7,20
0022200472,ORL,HOU,116.52,1,12,20
0022200476,LAC,CHA,118.12,1,8,23
0022200476,CHA,LAC,118.76,0,20,16
0022200466,CLE,MIL,107.32,2,15,22
0022200466,MIL,CLE,111.68,0,9,21
0022200467,PHI,DET,114.68,0,12,20
0022200467,DET,PHI,115.96000000000001,0,9,20
0022200469,BOS,IND,128.0,0,13,16
0022200469,IND,BOS,115.96,1,11,13
0022200468,ATL,CHI,113.04,0,9,21
0022200468,CHI,ATL,106.68,0,12,27
0022200471,NYK,TOR,99.92,1,2,22
0022200471,TOR,NYK,107.68,1,10,18
0022200473,MIN,DAL,102.4,0,10,14
0022200473,DAL,MIN,99.88,0,6,15
0022200463,NYK,GSW,112.08,1,12,10
0022200463,GSW,NYK,98.72,1,8,16
0022200462,MIA,CHI,101.48,1,12,13
0022200462,CHI,MIA,99.56,0,7,8
0022200464,PHX,WAS,111.36,1,5,25
0022200464,WAS,PHX,105.28,0,12,25
0022200465,DEN,MEM,117.0,0,13,22
0022200465,MEM,DEN,106.24,0,14,24
0022200461,DET,UTA,106.88,0,9,16
0022200461,UTA,DET,113.36,0,10,12
0022200452,CLE,UTA,102.44,0,10,29
0022200452,UTA,CLE,117.12,2,13,14
0022200457,NOP,MIL,124.56,1,9,16
0022200457,MIL,NOP,111.64,0,9,12
0022200454,ATL,ORL,112.8,0,7,23
0022200454,ORL,ATL,114.0,0,9,24
0022200459,PHX,LAL,111.56,1,11,21
0022200459,LAL,PHX,108.48,1,6,21
0022200455,HOU,SAS,118.64,0,15,16
0022200455,SAS,HOU,110.36,0,8,26
0022200458,OKC,POR,114.28,0,13,16
0022200458,POR,OKC,113.24,2,8,14
0022200460,SAC,CHA,116.64,0,12,24
0022200460,CHA,SAC,119.12,0,5,22
0022200453,PHI,TOR,107.88,1,11,28
0022200453,TOR,PHI,111.8,0,10,18
0022200456,MIN,DAL,109.56,1,8,18
0022200456,DAL,MIN,104.64,0,7,17
0022200446,IND,NYK,114.12,0,10,25
0022200446,NYK,IND,112.2,1,10,26
0022200445,BOS,ORL,114.24,0,10,24
0022200445,ORL,BOS,107.36,1,12,20
0022200448,TOR,GSW,116.68,0,8,6
0022200448,GSW,TOR,109.44,2,9,22
0022200451,LAL,WAS,110.68,0,9,23
0022200451,WAS,LAL,115.56,0,7,20
0022200447,DET,BKN,110.96000000000001,0,10,22
0022200447,BKN,DET,103.12,1,5,30
0022200450,DEN,CHA,122.96000000000001,0,8,21
0022200450,CHA,DEN,117.12,0,11,22
0022200449,MIN,CHI,106.04,0,8,10
0022200449,CHI,MIN,109.56,1,9,13
0022200443,OKC,MEM,114.64,1,7,23
0022200443,MEM,OKC,115.28,1,6,23
0022200444,PHX,NOP,106.4,1,11,14
0022200444,NOP,PHX,98.72,0,3,19
0022200441,HOU,POR,117.76,2,10,17
0022200441,POR,HOU,105.36,2,13,23
0022200442,MIL,UTA,108.84,0,8,23
0022200442,UTA,MIL,102.64,1,10,22
0022200439,SAS,MIA,108.52,2,9,21
0022200439,MIA,SAS,104.12,0,16,21
0022200438,LAC,WAS,111.44,2,10,25
0022200438,WAS,LAC,103.72,0,13,26
0022200440,CLE,DAL,113.68,1,8,30
0022200440,DAL,CLE,107.36,3,9,29
0022200428,CHA,ATL,118.36,2,10,19
0022200428,ATL,CHA,101.96000000000001,1,6,20
0022200430,BOS,ORL,112.96000000000001,1,13,16
0022200430,ORL,BOS,120.32,0,10,15
0022200437,LAL,DEN,115.56,0,16,21
0022200437,DEN,LAL,112.32,1,8,11
0022200434,CHI,NYK,100.52,2,7,22
0022200434,NYK,CHI,116.08,0,17,19
0022200431,CLE,IND,98.08,0,7,15
0022200431,IND,CLE,98.36,2,7,25
0022200436,DAL,POR,104.44,0,6,15
0022200436,POR,DAL,112.0,1,6,11
0022200433,TOR,BKN,104.76,1,9,19
0022200433,BKN,TOR,100.12,1,6,28
0022200429,DET,SAC,114.64,1,10,24
0022200429,SAC,DET,107.76,0,12,22
0022200432,PHI,GSW,113.64,0,12,28
0022200432,GSW,PHI,116.72,0,9,18
0022200435,OKC,MIN,119.24,0,9,23
0022200435,MIN,OKC,114.0,0,19,19
0022200424,HOU,MIA,115.48,0,11,19
0022200424,MIA,HOU,112.12,1,12,23
0022200427,LAC,PHX,115.24,1,4,35
0022200427,PHX,LAC,110.92,2,11,20
0022200426,UTA,NOP,124.28,1,11,19
0022200426,NOP,UTA,127.32,0,12,20
0022200425,MEM,MIL,119.12,0,7,32
0022200425,MIL,MEM,114.88,1,6,27
0022200422,DEN,WAS,116.4,1,10,27
0022200422,WAS,DEN,114.12,1,13,18
0022200418,CHI,NYK,105.68,3,10,25
0022200418,NYK,CHI,117.0,0,10,17
0022200415,IND,GSW,115.0,1,13,16
0022200415,GSW,IND,121.76,1,10,18
0022200423,LAC,MIN,112.24,0,9,23
0022200423,MIN,LAC,104.2,1,10,18
0022200420,SAS,POR,116.36,0,14,15
0022200420,POR,SAS,105.48,0,6,23
0022200417,TOR,SAC,112.88,0,11,17
0022200417,SAC,TOR,116.8,0,6,32
0022200416,ORL,ATL,117.2,0,12,22
0022200416,ATL,ORL,112.88,3,5,15
0022200419,OKC,MIA,106.12,0,12,19
0022200419,MIA,OKC,106.6,0,11,18
0022200421,DAL,CLE,97.44,3,3,23
0022200421,CLE,DAL,92.36,1,5,21
0022200414,CHA,DET,131.76,1,14,19
0022200414,DET,CHA,123.84,0,3,31
0022200410,MIL,GSW,117.08,0,11,20
0022200410,GSW,MIL,121.36,2,14,15
0022200409,PHI,SAC,106.88,0,12,21
0022200409,SAC,PHI,117.8,1,9,12
0022200411,HOU,PHX,117.96000000000001,1,8,26
0022200411,PHX,HOU,120.36,1,17,21
0022200412,UTA,NOP,127.28,0,10,12
0022200412,NOP,UTA,124.52,3,14,13
0022200413,LAL,BOS,117.2,0,7,25
0022200413,BOS,LAL,125.04,1,7,26
0022200408,LAC,BOS,108.24,0,11,19
0022200408,BOS,LAC,102.44,1,9,21
0022200402,IND,MIA,102.8,1,10,19
0022200402,MIA,IND,103.92,3,9,23
0022200406,SAS,CLE,116.04,0,10,24
0022200406,CLE,SAS,114.48,1,12,28
0022200403,WAS,BKN,107.68,2,6,25
0022200403,BKN,WAS,107.92,1,12,18
0022200407,POR,MIN,116.24,0,7,30
0022200407,MIN,POR,111.36,1,16,25
0022200404,MEM,ATL,112.92,1,9,25
0022200404,ATL,MEM,128.68,1,15,16
0022200405,DAL,OKC,118.0,0,7,24
0022200405,OKC,DAL,110.24,0,10,26
0022200397,NYK,SAC,114.88,1,10,16
0022200397,SAC,NYK,114.4,3,11,20
0022200398,ORL,TOR,104.64,0,7,16
0022200398,TOR,ORL,100.72,4,12,12
0022200395,NOP,PHX,113.32,1,13,21
0022200395,PHX,NOP,126.48,2,14,14
0022200399,PHI,CHA,112.08,1,10,30
0022200399,CHA,PHI,121.2,1,14,18
0022200400,ATL,CHI,121.24,1,12,25
0022200400,CHI,ATL,128.12,1,13,25
0022200396,DET,LAL,112.48,0,11,20
0022200396,LAL,DET,106.88,0,9,28
0022200401,HOU,MIL,108.28,1,13,22
0022200401,MIL,HOU,112.92,0,7,29
0022200393,DEN,UTA,101.04,1,8,22
0022200393,UTA,DEN,107.24,1,7,14
0022200391,CHI,DAL,103.56,0,8,14
0022200391,DAL,CHI,109.44,2,6,10
0022200387,MIA,SAS,103.32,0,10,19
0022200387,SAS,MIA,109.64,0,8,21
0022200389,WAS,LAC,107.36,0,8,17
0022200389,LAC,WAS,111.04,1,10,25
0022200392,GSW,BOS,113.8,0,5,16
0022200392,BOS,GSW,108.44,2,10,25
0022200394,POR,MIN,111.32,0,8,23
0022200394,MIN,POR,106.56,0,14,21
0022200390,CLE,OKC,107.44,1,7,17
0022200390,OKC,CLE,101.8,2,9,19
0022200388,IND,BKN,113.56,0,15,20
0022200388,BKN,IND,132.08,1,11,12
0022200385,UTA,MIN,111.56,0,13,17
0022200385,MIN,UTA,107.44,0,9,18
0022200383,MEM,DET,119.08,0,16,26
0022200383,DET,MEM,120.88,0,8,22
0022200380,BKN,ATL,113.24,0,14,18
0022200380,ATL,BKN,118.04,0,15,20
0022200379,ORL,TOR,98.24,0,6,27
0022200379,TOR,ORL,106.52,1,13,13
0022200382,PHI,LAL,120.68,2,15,20
0022200382,LAL,PHI,120.2,2,17,19
0022200386,DAL,MIL,108.56,2,11,24
0022200386,MIL,DAL,112.12,1,7,20
0022200378,IND,WAS,104.8,0,10,17
0022200378,WAS,IND,102.0,1,9,18
0022200377,CHA,NYK,108.32,3,10,20
0022200377,NYK,CHA,117.2,1,9,16
0022200384,NOP,PHX,116.4,1,14,18
0022200384,PHX,NOP,107.72,0,9,16
0022200381,CLE,SAC,107.68,2,11,11
0022200381,SAC,CLE,97.08,1,12,17
0022200376,POR,DEN,110.04,0,12,21
0022200376,DEN,POR,116.68,1,9,25
0022200374,MIA,LAC,104.16,0,12,18
0022200374,LAC,MIA,105.24,0,5,22
0022200375,SAS,HOU,105.6,0,9,22
0022200375,HOU,SAS,118.6,1,10,10
0022200365,NYK,ATL,107.56,0,7,28
0022200365,ATL,NYK,106.56,0,10,23
0022200366,TOR,LAL,127.56,0,10,24
0022200366,LAL,TOR,117.4,0,7,27
0022200363,ORL,LAC,120.64,1,9,30
0022200363,LAC,ORL,121.44,1,7,22
0022200364,BKN,CHA,103.04,0,8,17
0022200364,CHA,BKN,109.12,1,7,17
0022200370,MIN,IND,125.88,0,16,21
0022200370,IND,MIN,110.56,2,13,25
0022200373,PHX,BOS,119.36,1,9,22
0022200373,BOS,PHX,118.72,0,17,40
0022200371,NOP,DET,113.12,1,9,28
0022200371,DET,NOP,109.04,1,13,16
0022200372,UTA,GSW,112.24,0,10,19
0022200372,GSW,UTA,123.0,0,11,13
0022200367,CHI,WAS,116.48,0,13,15
0022200367,WAS,CHI,114.76,0,13,13
0022200369,MIL,SAC,113.56,0,5,23
0022200369,SAC,MIL,106.04,0,3,18
0022200368,MEM,OKC,115.04,1,15,28
0022200368,OKC,MEM,120.12,3,10,20
0022200360,CLE,LAL,107.48,0,13,23
0022200360,LAL,CLE,115.56,1,5,23
0022200361,MIA,DET,103.44,1,7,14
0022200361,DET,MIA,105.6,0,12,21
0022200362,DEN,DAL,107.32,2,13,21
0022200362,DAL,DEN,100.64,0,12,13
0022200353,ORL,MIL,118.76,0,12,21
0022200353,MIL,ORL,113.44,1,13,34
0022200358,DAL,PHX,107.44,2,8,24
0022200358,PHX,DAL,113.44,1,10,18
0022200354,ATL,OKC,127.48,0,12,27
0022200354,OKC,ATL,121.56,0,14,27
0022200357,MEM,MIA,104.96,1,11,17
0022200357,MIA,MEM,104.68,1,8,21
0022200352,CHA,LAC,115.48,0,10,17
0022200352,LAC,CHA,114.24,0,5,21
0022200356,HOU,PHI,132.36,1,15,32
0022200356,PHI,HOU,121.84,2,13,19
0022200355,TOR,BOS,111.2,0,7,21
0022200355,BOS,TOR,110.24,0,12,25
0022200359,GSW,IND,114.36,6,7,20
0022200359,IND,GSW,108.92,0,7,17
0022200350,SAC,CHI,112.36,0,15,28
0022200350,CHI,SAC,110.36,1,13,17
0022200344,NOP,DEN,106.84,0,13,8
0022200344,DEN,NOP,110.56,1,7,12
0022200346,BKN,BOS,107.68,2,9,16
0022200346,BOS,BKN,104.8,1,13,29
0022200347,DET,MEM,111.2,1,8,18
0022200347,MEM,DET,117.76,1,10,21
0022200348,NYK,CLE,115.24,2,8,24
0022200348,CLE,NYK,108.8,1,11,15
0022200345,SAS,PHX,113.92,0,8,21
0022200345,PHX,SAS,113.8,0,14,27
0022200349,WAS,LAL,121.6,0,13,10
0022200349,LAL,WAS,120.68,0,8,19
0022200351,POR,IND,110.68,0,13,18
0022200351,IND,POR,111.28,0,11,25
0022200342,GSW,HOU,102.4,0,13,24
0022200342,HOU,GSW,114.8,1,10,11
0022200343,UTA,POR,109.32,0,10,12
0022200343,POR,UTA,111.64,0,9,12
0022200337,NYK,DAL,108.32,0,9,26
0022200337,DAL,NYK,117.16,1,9,21
0022200340,TOR,ORL,111.0,1,14,18
0022200340,ORL,TOR,104.44,1,12,18
0022200339,CHA,MIL,112.44,1,13,16
0022200339,MIL,CHA,112.36,0,11,28
0022200341,MIN,OKC,125.2,0,15,11
0022200341,OKC,MIN,129.4,0,17,22
0022200338,LAC,SAC,121.44,0,7,28
0022200338,SAC,LAC,111.2,1,9,16
0022200331,MIL,LAL,109.6,0,3,24
0022200331,LAL,MIL,110.56,1,8,17
0022200335,UTA,IND,123.28,1,12,7
0022200335,IND,UTA,124.52,2,16,8
0022200334,PHX,HOU,110.36,1,12,19
0022200334,HOU,PHX,115.92,1,16,18
0022200327,ATL,DEN,106.16,1,10,17
0022200327,DEN,ATL,105.72,0,8,13
0022200333,SAS,NOP,117.04,0,8,21
0022200333,NOP,SAS,112.44,0,10,26
0022200332,MEM,PHI,121.32,0,10,29
0022200332,PHI,MEM,111.48,0,9,28
0022200329,BKN,TOR,109.68,1,11,25
0022200329,TOR,BKN,113.2,0,10,21
0022200336,GSW,CHI,116.12,0,7,25
0022200336,CHI,GSW,115.56,1,11,16
0022200328,BOS,MIA,119.32,1,11,28
0022200328,MIA,BOS,124.92,0,15,13
0022200330,CLE,ORL,99.96,1,12,17
0022200330,ORL,CLE,103.28,1,8,20
0022200326,CHA,WAS,112.64,0,11,13
0022200326,WAS,CHA,115.4,0,4,30
0022200325,DET,DAL,117.56,0,12,8
0022200325,DAL,DET,111.76,0,10,7
0022200322,UTA,LAC,111.32,1,7,20
0022200322,LAC,UTA,118.84,0,13,11
0022200324,LAL,POR,115.44,1,8,19
0022200324,POR,LAL,109.24,1,4,19
0022200314,BOS,MIA,110.12,0,12,10
0022200314,MIA,BOS,108.96,1,12,7
0022200321,PHX,CHI,115.24,0,4,15
0022200321,CHI,PHX,107.52,1,9,20
0022200323,SAC,IND,125.76,0,12,25
0022200323,IND,SAC,128.2,0,12,16
0022200317,MIN,MEM,109.36,3,19,19
0022200317,MEM,MIN,124.2,1,10,15
0022200319,OKC,SAS,114.24,1,7,15
0022200319,SAS,OKC,113.0,1,9,16
0022200315,BKN,WAS,104.44,0,11,25
0022200315,WAS,BKN,117.96000000000001,0,6,23
0022200313,ORL,ATL,108.0,0,7,21
0022200313,ATL,ORL,114.36,0,10,16
0022200316,NYK,MIL,115.8,1,3,24
0022200316,MIL,NYK,106.44,1,5,28
0022200312,CLE,PHI,96.4,0,13,15
0022200312,PHI,CLE,100.92,1,9,13
0022200320,DEN,HOU,102.8,0,10,18
0022200320,HOU,DEN,109.92,1,9,19
0022200318,NOP,TOR,117.44,0,12,20
0022200318,TOR,NOP,112.36,0,13,15
0022200309,DET,NYK,107.8,0,10,22
0022200309,NYK,DET,119.24,0,11,15
0022200310,DAL,GSW,115.88,0,9,18
0022200310,GSW,DAL,116.12,0,8,24
0022200311,POR,LAC,107.6,0,10,23
0022200311,LAC,POR,114.32,0,7,22
0022200306,UTA,CHI,105.6,1,6,23
0022200306,CHI,UTA,111.0,0,10,8
0022200300,WAS,MIN,109.88,0,16,19
0022200300,MIN,WAS,120.48,0,4,19
0022200304,NOP,OKC,117.8,0,15,24
0022200304,OKC,NOP,121.12,0,16,9
0022200305,DEN,HOU,110.8,0,10,20
0022200305,HOU,DEN,113.0,0,12,10
0022200299,PHI,ATL,105.92,1,14,18
0022200299,ATL,PHI,102.68,0,9,22
0022200301,BOS,CHA,109.08,0,16,15
0022200301,CHA,BOS,112.6,3,8,15
0022200307,SAC,PHX,110.92,0,14,19
0022200307,PHX,SAC,117.16,1,12,21
0022200308,LAL,IND,120.64,1,7,26
0022200308,IND,LAL,121.04,0,7,20
0022200302,BKN,ORL,103.16,0,11,16
0022200302,ORL,BKN,107.68,1,12,15
0022200303,TOR,CLE,101.48,1,8,21
0022200303,CLE,TOR,106.04,2,10,33
0022200296,NYK,MEM,108.2,1,4,19
0022200296,MEM,NYK,118.64,0,5,17
0022200295,DET,CLE,103.44,0,11,25
0022200295,CLE,DET,105.52,3,7,26
0022200297,ORL,PHI,105.0,2,13,6
0022200297,PHI,ORL,102.88,1,12,8
0022200290,BKN,POR,92.92,0,9,20
0022200290,POR,BKN,101.68,1,4,20
0022200293,ATL,MIA,105.36,2,9,19
0022200293,MIA,ATL,102.36,3,8,28
0022200298,MIL,DAL,105.6,0,10,18
0022200298,DAL,MIL,104.0,1,12,23
0022200292,LAC,IND,126.08,2,7,26
0022200292,IND,LAC,115.12,0,16,24
0022200294,BOS,WAS,105.44,0,3,13
0022200294,WAS,BOS,100.52,0,10,11
0022200291,MIN,GSW,114.76,0,10,15
0022200291,GSW,MIN,111.8,0,11,21
0022200289,PHX,UTA,111.2,0,9,22
0022200289,UTA,PHX,102.0,0,6,30
0022200287,HOU,OKC,116.16,0,13,22
0022200287,OKC,HOU,122.12,1,17,16
0022200288,SAS,LAL,123.8,0,13,15
0022200288,LAL,SAS,114.28,0,10,20
0022200286,TOR,DAL,112.44,0,14,19
0022200286,DAL,TOR,99.56,0,8,31
0022200282,SAS,LAL,123.04,1,17,23
0022200282,LAL,SAS,112.8,0,14,34
0022200273,ORL,PHI,105.88,1,9,21
0022200273,PHI,ORL,104.92,0,11,20
0022200279,MEM,NOP,116.88,0,6,14
0022200279,NOP,MEM,112.64,0,9,22
0022200276,IND,BKN,111.72,1,16,21
0022200276,BKN,IND,110.4,1,3,21
0022200274,NYK,POR,127.32,1,9,17
0022200274,POR,NYK,119.44,0,5,25
0022200281,OKC,CHI,122.08,0,9,23
0022200281,CHI,OKC,126.12,0,7,16
0022200284,GSW,UTA,122.64,0,12,21
0022200284,UTA,GSW,117.48,2,15,18
0022200275,BOS,SAC,104.88,0,14,19
0022200275,SAC,BOS,116.44,0,7,16
0022200277,MIA,WAS,109.12,0,8,22
0022200277,WAS,MIA,113.8,3,8,21
0022200283,PHX,DET,111.44,1,12,30
0022200283,DET,PHX,117.04,0,8,20
0022200278,HOU,ATL,126.03999999999999,1,10,23
0022200278,ATL,HOU,110.84,1,15,19
0022200280,MIL,CLE,107.0,0,6,28
0022200280,CLE,MIL,107.44,0,9,22
0022200272,CHA,MIN,120.08,0,9,18
0022200272,MIN,CHA,119.92,0,12,24
0022200285,LAC,DEN,96.96000000000001,0,2,20
0022200285,DEN,LAC,105.12,0,10,15
0022200270,UTA,DET,106.36,0,6,16
0022200270,DET,UTA,107.88,1,12,18
0022200260,CHA,PHI,116.24,0,11,16
0022200260,PHI,CHA,112.92,1,11,27
0022200265,MIA,WAS,114.68,0,8,6
0022200265,WAS,MIA,111.36,1,7,12
0022200271,GSW,LAC,115.72,1,15,22
0022200271,LAC,GSW,113.88,0,8,21
0022200262,IND,MIN,116.04,0,18,17
0022200262,MIN,IND,107.48,0,9,24
0022200269,SAS,NOP,115.32,0,15,8
0022200269,NOP,SAS,116.2,2,11,16
0022200263,ATL,SAC,115.12,1,12,23
0022200263,SAC,ATL,116.24,0,10,26
0022200266,TOR,BKN,125.0,2,19,20
0022200266,BKN,TOR,104.08,1,13,35
0022200267,MIL,CHI,120.0,0,7,18
0022200267,CHI,MIL,107.92,1,14,12
0022200264,BOS,DAL,104.24,0,12,18
0022200264,DAL,BOS,105.24,1,7,17
0022200261,CLE,POR,100.12,1,9,24
0022200261,POR,CLE,99.72,1,12,14
0022200268,OKC,DEN,118.32,2,9,12
0022200268,DEN,OKC,123.03999999999999,1,6,20
0022200259,PHX,LAL,119.2,0,12,17
0022200259,LAL,PHX,117.4,0,11,30
0022200258,DEN,DET,114.44,0,12,20
0022200258,DET,DEN,110.16,1,15,19
0022200256,PHI,BKN,115.04,0,12,17
0022200256,BKN,PHI,100.72,1,7,24
0022200257,MEM,SAC,122.2,2,15,23
0022200257,SAC,MEM,119.88,0,14,25
0022200252,MIN,MIA,111.8,0,10,26
0022200252,MIA,MIN,118.2,0,12,21
0022200249,IND,ORL,118.88,0,14,14
0022200249,ORL,IND,113.0,0,13,16
0022200250,CHI,BOS,108.8,0,13,8
0022200250,BOS,CHI,109.48,3,9,24
0022200253,NOP,GSW,114.24,1,19,13
0022200253,GSW,NOP,108.36,0,12,18
0022200248,CLE,ATL,99.12,1,11,28
0022200248,ATL,CLE,110.48,1,13,14
0022200254,OKC,NYK,116.08,2,10,10
0022200254,NYK,OKC,118.8,0,12,14
0022200251,MIL,POR,111.0,1,12,25
0022200251,POR,MIL,116.36,0,5,15
0022200255,LAC,UTA,115.36,0,10,19
0022200255,UTA,LAC,116.56,0,12,21
0022200245,HOU,GSW,113.88,0,13,21
0022200245,GSW,HOU,109.6,1,8,14
0022200244,CLE,MIA,109.04,0,9,23
0022200244,MIA,CLE,105.68,1,10,16
0022200241,WAS,CHA,117.92,0,9,25
0022200241,CHA,WAS,123.12,0,11,20
0022200240,PHX,NYK,121.92,1,5,26
0022200240,NYK,PHX,106.0,0,9,28
0022200243,BKN,MEM,107.6,0,6,26
0022200243,MEM,BKN,122.64,1,17,16
0022200242,SAC,DET,111.4,0,7,24
0022200242,DET,SAC,111.12,0,8,13
0022200246,DAL,DEN,99.24,1,12,11
0022200246,DEN,DAL,101.36,1,11,13
0022200247,LAL,SAS,110.56,0,8,37
0022200247,SAS,LAL,119.4,0,11,19
0022200236,IND,ORL,113.36,2,7,24
0022200236,ORL,IND,111.44,0,12,17
0022200237,PHI,MIN,107.08,3,13,26
0022200237,MIN,PHI,112.56,0,17,24
0022200238,POR,UTA,111.88,0,13,21
0022200238,UTA,POR,114.12,1,12,30
0022200235,ATL,TOR,120.08,1,9,27
0022200235,TOR,ATL,130.68,1,13,22
0022200239,LAC,SAS,101.36,0,9,27
0022200239,SAS,LAC,111.24,1,6,19
0022200226,PHI,MIL,107.44,1,7,25
0022200226,MIL,PHI,111.24,0,12,19
0022200225,CLE,CHA,125.08,2,13,32
0022200225,CHA,CLE,134.56,1,15,18
0022200230,DAL,DEN,99.32,2,7,24
0022200230,DEN,DAL,108.92,0,7,14
0022200227,CHI,ORL,111.0,0,10,13
0022200227,ORL,CHI,102.68,0,4,21
0022200234,LAL,DET,111.6,0,6,19
0022200234,DET,LAL,117.08,0,12,10
0022200229,MEM,OKC,121.6,1,6,22
0022200229,OKC,MEM,110.84,0,8,23
0022200228,HOU,IND,117.08,0,11,18
0022200228,IND,HOU,108.88,0,11,26
0022200232,UTA,PHX,117.56,0,13,23
0022200232,PHX,UTA,120.32,1,10,22
0022200233,GSW,NYK,115.8,0,11,21
0022200233,NYK,GSW,117.96000000000001,2,11,18
0022200224,WAS,MIA,117.16,1,8,27
0022200224,MIA,WAS,121.08,1,8,18
0022200231,NOP,BOS,103.72,0,15,12
0022200231,BOS,NOP,109.48,2,9,17
0022200222,SAC,SAS,105.56,1,11,18
0022200222,SAS,SAC,107.28,0,10,18
0022200223,LAC,DET,109.56,1,7,30
0022200223,DET,LAC,110.56,0,11,23
0022200221,POR,BKN,113.88,0,13,16
0022200221,BKN,POR,106.12,1,6,25
0022200220,PHX,GSW,112.0,0,10,20
0022200220,GSW,PHX,116.48,1,10,25
0022200213,WAS,OKC,112.48,0,10,11
0022200213,OKC,WAS,107.44,0,8,18
0022200214,ATL,BOS,115.72,1,11,15
0022200214,BOS,ATL,106.4,0,5,29
0022200212,ORL,MIN,116.48,1,7,25
0022200212,MIN,ORL,110.32,0,16,23
0022200219,DEN,NYK,105.8,1,6,25
0022200219,NYK,DEN,104.64,0,13,27
0022200217,NOP,CHI,108.56,0,7,11
0022200217,CHI,NOP,108.48,2,6,13
0022200211,CHA,IND,118.92,2,10,14
0022200211,IND,CHA,107.64,1,14,16
0022200218,DAL,HOU,116.36,3,11,21
0022200218,HOU,DAL,105.56,0,2,13
0022200216,MIL,CLE,111.88,0,5,28
0022200216,CLE,MIL,99.48,0,10,17
0022200215,TOR,MIA,109.68,0,11,13
0022200215,MIA,TOR,98.68,0,9,27
0022200208,UTA,NYK,116.2,2,9,19
0022200208,NYK,UTA,116.0,1,14,22
0022200209,POR,SAS,105.44,0,9,16
0022200209,SAS,POR,111.48,1,9,15
0022200206,NOP,MEM,106.28,0,8,13
0022200206,MEM,NOP,114.0,0,8,16
0022200210,SAC,BKN,121.0,0,11,25
0022200210,BKN,SAC,112.52,1,8,10
0022200207,DAL,LAC,102.56,0,16,9
0022200207,LAC,DAL,96.44,0,9,7
0022200203,HOU,LAC,113.64,1,14,16
0022200203,LAC,HOU,111.52,0,7,28
0022200200,ORL,CHA,120.12,1,6,21
0022200200,CHA,ORL,110.56,0,18,22
0022200201,BOS,OKC,122.76,1,16,20
0022200201,OKC,BOS,126.24,0,9,16
0022200199,DET,TOR,114.92,0,12,20
0022200199,TOR,DET,111.32,0,13,13
0022200202,MIA,PHX,108.0,2,8,25
0022200202,PHX,MIA,111.76,1,11,24
0022200205,GSW,SAS,107.04,1,13,16
0022200205,SAS,GSW,126.36,1,8,13
0022200204,MIL,ATL,115.03999999999999,0,4,28
0022200204,ATL,MIL,114.2,2,10,17
0022200198,LAL,BKN,108.8,1,6,18
0022200198,BKN,LAL,105.64,0,6,19
0022200195,PHI,UTA,106.44,1,14,23
0022200195,UTA,PHI,121.12,0,6,18
0022200196,CHI,DEN,108.24,0,11,16
0022200196,DEN,CHI,105.24,1,11,22
0022200197,SAC,GSW,114.36,0,9,25
0022200197,GSW,SAC,115.04,1,9,18
0022200192,NYK,OKC,124.52,0,16,17
0022200192,OKC,NYK,115.8,0,12,15
0022200193,CLE,MIN,116.16,0,10,23
0022200193,MIN,CLE,109.96000000000001,0,6,28
0022200194,WAS,MEM,110.24,1,12,24
0022200194,MEM,WAS,116.4,0,12,14
0022200186,DET,BOS,112.24,0,6,19
0022200186,BOS,DET,108.56,0,11,24
0022200185,WAS,UTA,105.8,0,7,18
0022200185,UTA,WAS,110.84,0,6,17
0022200184,LAC,BKN,109.8,1,7,18
0022200184,BKN,LAC,104.24,2,13,27
0022200187,IND,TOR,113.12,0,5,25
0022200187,TOR,IND,118.76,0,15,13
0022200189,MIA,CHA,114.24,0,11,24
0022200189,CHA,MIA,109.04,0,7,22
0022200191,NOP,HOU,111.64,0,19,16
0022200191,HOU,NOP,112.92,0,12,13
0022200188,PHI,ATL,105.64,1,11,26
0022200188,ATL,PHI,118.88,0,7,17
0022200190,DAL,POR,103.44,0,10,22
0022200190,POR,DAL,107.4,0,9,14
0022200182,GSW,CLE,102.16,3,7,36
0022200182,CLE,GSW,113.44,1,11,18
0022200179,OKC,TOR,119.48,0,12,23
0022200179,TOR,OKC,119.84,0,16,12
0022200178,NYK,DET,117.76,0,10,16
0022200178,DET,NYK,113.03999999999999,0,9,18
0022200176,BOS,DEN,105.8,1,4,25
0022200176,DEN,BOS,105.8,0,4,16
0022200180,SAS,MIL,110.6,3,6,22
0022200180,MIL,SAS,121.12,0,10,19
0022200181,MEM,MIN,112.88,1,10,20
0022200181,MIN,MEM,102.68,1,12,24
0022200177,ORL,PHX,101.6,0,2,24
0022200177,PHX,ORL,109.96,2,8,17
0022200183,LAL,SAC,113.44,0,12,15
0022200183,SAC,LAL,111.24,0,14,19
0022200172,WAS,DAL,109.8,1,8,12
0022200172,DAL,WAS,107.24,0,12,14
0022200174,MIA,CHA,115.84,1,14,21
0022200174,CHA,MIA,116.8,1,9,19
0022200173,ATL,PHI,116.12,0,12,16
0022200173,PHI,ATL,113.2,0,13,30
0022200175,NOP,POR,106.56,1,4,21
0022200175,POR,NOP,104.44,0,10,14
0022200162,ATL,UTA,124.84,0,9,21
0022200162,UTA,ATL,117.56,0,8,25
0022200171,SAC,CLE,100.4,0,13,19
0022200171,CLE,SAC,112.8,0,6,21
0022200160,IND,DEN,122.36,2,14,24
0022200160,DEN,IND,119.44,0,13,17
0022200166,CHI,NOP,109.92,0,10,18
0022200166,NOP,CHI,115.84,0,10,20
0022200161,ORL,DAL,100.24,2,3,33
0022200161,DAL,ORL,97.36,1,16,17
0022200169,SAS,MEM,120.12,1,13,23
0022200169,MEM,SAS,122.72,0,7,20
0022200165,TOR,HOU,123.8,0,12,17
0022200165,HOU,TOR,113.64,0,12,31
0022200168,OKC,MIL,132.36,1,14,25
0022200168,MIL,OKC,131.68,0,11,20
0022200159,CHA,POR,112.56,1,13,16
0022200159,POR,CHA,103.0,0,8,16
0022200170,LAC,LAL,107.44,1,12,20
0022200170,LAL,LAC,110.48,0,12,22
0022200164,BKN,NYK,109.8,0,13,31
0022200164,NYK,BKN,113.44,1,8,26
0022200163,BOS,DET,109.24,0,9,23
0022200163,DET,BOS,116.6,1,8,12
0022200167,MIN,PHX,111.08,0,7,25
0022200167,PHX,MIN,116.8,0,15,16
0022200155,DAL,BKN,104.56,1,11,20
0022200155,BKN,DAL,101.36,0,20,21
0022200157,UTA,LAL,118.68,0,14,16
0022200157,LAL,UTA,111.2,1,9,14
0022200146,DET,OKC,121.52,0,9,20
0022200146,OKC,DET,119.48,2,11,19
0022200152,MEM,BOS,108.16,0,9,18
0022200152,BOS,MEM,109.32,0,9,23
0022200153,MIN,NYK,108.56,3,11,8
0022200153,NYK,MIN,116.0,1,14,15
0022200156,GSW,SAC,112.24,1,7,27
0022200156,SAC,GSW,113.76,0,9,16
0022200154,SAS,DEN,113.92,2,16,20
0022200154,DEN,SAS,116.8,0,19,15
0022200148,PHI,PHX,108.64,2,6,22
0022200148,PHX,PHI,95.68,1,9,28
0022200145,ORL,HOU,114.64,2,11,12
0022200145,HOU,ORL,118.0,1,14,21
0022200158,LAC,CLE,100.32,0,12,19
0022200158,CLE,LAC,109.24,0,8,18
0022200150,MIA,POR,100.6,1,13,11
0022200150,POR,MIA,99.24,2,9,14
0022200149,ATL,MIL,118.48,1,13,20
0022200149,MIL,ATL,112.04,0,7,33
0022200147,IND,NOP,113.12,0,8,23
0022200147,NOP,IND,114.48,0,9,22
0022200144,CHA,WAS,118.04,1,10,15
0022200144,WAS,CHA,107.2,1,4,19
0022200151,CHI,TOR,110.68,1,11,25
0022200151,TOR,CHI,108.68,1,14,12
0022200143,LAC,UTA,105.72,1,14,17
0022200143,UTA,LAC,106.44,1,9,26
0022200140,LAL,CLE,112.24,2,7,19
0022200140,CLE,LAL,111.84,1,12,22
0022200141,TOR,CHI,120.8,0,11,10
0022200141,CHI,TOR,110.72,0,7,29
0022200142,MEM,WAS,109.8,0,8,25
0022200142,WAS,MEM,110.4,1,9,24
0022200136,MIL,OKC,115.48,1,11,17
0022200136,OKC,MIL,106.04,1,11,14
0022200138,DEN,SAS,107.4,0,11,20
0022200138,SAS,DEN,103.36,2,9,17
0022200139,PHX,POR,108.32,1,14,25
0022200139,POR,PHX,106.56,0,7,19
0022200132,ORL,SAC,117.8,0,12,24
0022200132,SAC,ORL,118.44,1,11,18
0022200134,ATL,NOP,127.0,0,15,37
0022200134,NOP,ATL,136.32,0,10,25
0022200133,CHA,BKN,111.12,0,8,23
0022200133,BKN,CHA,104.68,0,12,22
0022200135,NYK,BOS,110.04,1,8,14
0022200135,BOS,NYK,105.28,1,8,22
0022200137,MIN,HOU,112.8,1,13,9
0022200137,HOU,MIN,119.64,0,16,9
0022200120,DET,CLE,107.6,1,12,13
0022200120,CLE,DET,106.04,1,13,16
0022200126,SAS,LAC,108.92,0,15,21
0022200126,LAC,SAS,104.36,0,6,18
0022200131,LAL,UTA,106.32,0,6,23
0022200131,UTA,LAL,115.4,0,9,21
0022200128,NOP,GSW,108.76,1,14,16
0022200128,GSW,NOP,104.0,1,8,21
0022200123,WAS,BKN,105.68,2,5,21
0022200123,BKN,WAS,103.16,0,10,21
0022200130,PHX,POR,109.24,1,11,20
0022200130,POR,PHX,108.6,0,12,22
0022200122,PHI,NYK,122.24,1,14,19
0022200122,NYK,PHI,112.88,0,8,28
0022200129,MIN,MIL,115.48,0,6,25
0022200129,MIL,MIN,110.32,0,12,21
0022200124,BOS,CHI,113.16,0,10,17
0022200124,CHI,BOS,111.0,1,13,13
0022200125,MEM,CHA,123.92,0,11,23
0022200125,CHA,MEM,117.64,1,14,18
0022200127,DAL,TOR,106.0,0,16,27
0022200127,TOR,DAL,118.0,1,13,16
0022200121,IND,MIA,109.12,0,13,21
0022200121,MIA,IND,111.44,0,13,20
0022200119,OKC,DEN,111.36,1,12,15
0022200119,DEN,OKC,109.04,0,7,17
0022200118,ORL,GSW,117.24,0,12,19
0022200118,GSW,ORL,117.6,0,12,18
0022200114,SAS,TOR,123.16,0,7,19
0022200114,TOR,SAS,124.04,0,21,20
0022200115,DAL,UTA,101.6,1,11,16
0022200115,UTA,DAL,106.16,0,7,19
0022200113,MIL,DET,118.56,0,19,24
0022200113,DET,MIL,106.6,0,11,18
0022200108,PHI,WAS,100.8,1,4,17
0022200108,WAS,PHI,99.08,0,5,25
0022200111,CHI,CHA,114.92,1,8,16
0022200111,CHA,CHI,115.04,1,15,18
0022200109,MIA,SAC,105.72,0,7,19
0022200109,SAC,MIA,104.16,0,8,15
0022200112,HOU,LAC,116.24,1,12,22
0022200112,LAC,HOU,106.36,0,15,23
0022200117,LAL,NOP,125.12,1,9,27
0022200117,NOP,LAL,124.24,1,11,23
0022200116,POR,MEM,120.44,1,6,21
0022200116,MEM,POR,108.88,0,10,26
0022200110,NYK,ATL,114.8,2,5,27
0022200110,ATL,NYK,121.04,1,13,28
0022200107,CLE,BOS,121.56,0,7,24
0022200107,BOS,CLE,118.88,0,9,34
0022200104,MIA,GSW,111.8,0,10,10
0022200104,GSW,MIA,111.48,0,10,15
0022200106,PHX,MIN,107.68,2,11,15
0022200106,MIN,PHX,113.56,2,5,29
0022200103,BKN,CHI,100.36,1,4,21
0022200103,CHI,BKN,107.24,0,11,17
0022200105,OKC,ORL,118.8,1,20,15
0022200105,ORL,OKC,119.8,2,8,16
0022200101,UTA,MEM,113.68,0,12,17
0022200101,MEM,UTA,126.48,1,11,16
0022200097,WAS,PHI,107.44,1,11,14
0022200097,PHI,WAS,104.8,1,15,13
0022200096,CHA,SAC,110.16,0,14,16
0022200096,SAC,CHA,116.32,0,14,23
0022200098,BKN,IND,107.8,0,17,15
0022200098,IND,BKN,121.12,1,13,19
0022200099,TOR,ATL,115.6,0,15,22
0022200099,ATL,TOR,113.0,1,4,28
0022200102,LAC,HOU,107.48,2,9,19
0022200102,HOU,LAC,111.12,1,12,24
0022200100,MIL,DET,115.76,0,9,25
0022200100,DET,MIL,113.24,0,12,17
0022200092,SAS,MIN,116.0,0,10,20
0022200092,MIN,SAS,118.8,1,14,14
0022200093,DAL,ORL,99.32,0,12,15
0022200093,ORL,DAL,104.88,0,3,13
0022200094,PHX,HOU,108.2,0,13,18
0022200094,HOU,PHX,113.44,1,9,15
0022200089,BOS,WAS,100.8,2,7,28
0022200089,WAS,BOS,113.04,1,7,15
0022200091,DET,GSW,114.72,1,10,19
0022200091,GSW,DET,117.0,1,12,19
0022200095,LAL,DEN,112.8,0,6,30
0022200095,DEN,LAL,112.92,1,5,19
0022200090,CLE,NYK,111.36,0,9,25
0022200090,NYK,CLE,113.04,0,13,17
0022200088,LAC,NOP,105.72,3,6,18
0022200088,NOP,LAC,106.52,1,12,19
0022200087,UTA,MEM,114.8,0,18,11
0022200087,MEM,UTA,114.6,1,17,9
0022200086,DAL,OKC,125.96000000000001,0,12,22
0022200086,OKC,DAL,117.64,0,15,24
0022200084,CHI,PHI,110.76,2,15,17
0022200084,PHI,CHI,107.88,0,14,16
0022200082,CHA,GSW,125.64,0,6,23
0022200082,GSW,CHA,117.04,0,10,24
0022200083,BKN,IND,102.44,2,8,27
0022200083,IND,BKN,115.44,0,9,18
0022200081,SAC,MIA,108.76,1,7,23
0022200081,MIA,SAC,110.64,1,17,15
0022200085,MIL,ATL,115.76,1,11,27
0022200085,ATL,MIL,112.6,1,10,23
0022200070,DET,ATL,112.72,0,5,23
0022200070,ATL,DET,110.92,1,9,18
0022200074,WAS,IND,111.32,1,9,13
0022200074,IND,WAS,108.52,0,10,13
0022200079,PHX,NOP,112.8,1,13,16
0022200079,NOP,PHX,108.68,0,12,20
0022200075,MIL,NYK,126.88,1,9,32
0022200075,NYK,MIL,119.08,1,6,25
0022200076,MIN,LAL,119.56,0,17,14
0022200076,LAL,MIN,122.88,0,8,29
0022200078,DEN,UTA,111.96000000000001,1,6,19
0022200078,UTA,DEN,108.36,0,11,16
0022200073,TOR,PHI,113.56,1,10,18
0022200073,PHI,TOR,100.84,0,13,19
0022200080,POR,HOU,113.8,2,11,27
0022200080,HOU,POR,118.24,1,13,18
0022200072,BOS,CLE,115.08,1,12,23
0022200072,CLE,BOS,116.96000000000001,0,13,20
0022200071,ORL,CHA,108.44,1,9,26
0022200071,CHA,ORL,110.56,0,7,16
0022200077,SAS,CHI,117.44,1,10,18
0022200077,CHI,SAS,122.44,1,17,13
0022200067,OKC,LAC,109.52,1,15,19
0022200067,LAC,OKC,108.92,1,8,22
0022200066,BKN,DAL,119.2,1,13,10
0022200066,DAL,BKN,113.4,2,11,20
0022200069,SAC,MEM,105.68,2,9,18
0022200069,MEM,SAC,111.92,0,10,23
0022200068,GSW,MIA,117.6,0,8,27
0022200068,MIA,GSW,109.68,2,16,15
0022200059,TOR,PHI,99.16,1,9,21
0022200059,PHI,TOR,99.36,0,8,20
0022200056,CLE,ORL,112.2,1,12,32
0022200056,ORL,CLE,106.24,1,8,23
0022200060,MIL,BKN,118.76,0,13,24
0022200060,BKN,MIL,113.2,1,10,21
0022200057,DET,ATL,113.68,0,7,18
0022200057,ATL,DET,114.0,1,10,17
0022200063,UTA,HOU,118.2,0,17,16
0022200063,HOU,UTA,123.56,1,12,9
0022200062,MIN,SAS,103.04,0,11,19
0022200062,SAS,MIN,120.68,1,11,12
0022200064,DEN,LAL,112.24,0,12,18
0022200064,LAL,DEN,111.04,0,9,27
0022200061,CHI,IND,114.56,4,14,15
0022200061,IND,CHI,112.56,1,12,13
0022200058,NYK,CHA,122.68,0,7,24
0022200058,CHA,NYK,127.2,0,12,22
0022200065,POR,MIA,108.44,2,13,16
0022200065,MIA,POR,111.36,0,15,24
0022200053,NOP,DAL,97.92,1,9,14
0022200053,DAL,NOP,103.56,0,12,14
0022200055,PHX,GSW,119.96000000000001,3,11,19
0022200055,GSW,PHX,111.48,1,9,25
0022200052,WAS,DET,107.44,0,9,23
0022200052,DET,WAS,112.0,1,9,13
0022200054,OKC,LAC,126.0,1,15,23
0022200054,LAC,OKC,108.92,1,5,19
0022200051,POR,DEN,104.64,0,7,19
0022200051,DEN,POR,105.16,2,4,21
0022200046,NYK,ORL,117.0,1,10,20
0022200046,ORL,NYK,109.88,1,9,22
0022200047,CHI,BOS,112.76,1,9,24
0022200047,BOS,CHI,115.28,1,10,21
0022200050,MIN,SAS,112.56,0,9,19
0022200050,SAS,MIN,123.72,0,15,21
0022200045,MIA,TOR,106.88,0,9,21
0022200045,TOR,MIA,106.8,0,7,20
0022200048,HOU,UTA,119.08,0,14,16
0022200048,UTA,HOU,120.04,1,12,16
0022200044,PHI,IND,99.32,0,11,16
0022200044,IND,PHI,113.12,1,6,17
0022200049,MEM,BKN,115.64,0,11,25
0022200049,BKN,MEM,109.44,1,6,24
0022200043,LAC,PHX,104.8,1,11,22
0022200043,PHX,LAC,110.28,1,12,21
0022200037,LAL,POR,113.8,0,14,18
0022200037,POR,LAL,114.88,0,9,19
0022200041,OKC,MIN,114.24,0,10,9
0022200041,MIN,OKC,112.68,0,9,19
0022200038,ATL,CHA,119.32,0,11,16
0022200038,CHA,ATL,116.2,0,8,24
0022200042,GSW,SAC,115.84,0,10,22
0022200042,SAC,GSW,127.0,0,11,20
0022200040,NOP,UTA,128.68,1,9,22
0022200040,UTA,NOP,126.32,0,16,13
0022200039,CLE,WAS,120.0,2,16,25
0022200039,WAS,CLE,111.6,0,11,34
0022200028,PHI,SAS,108.32,0,9,22
0022200028,SAS,PHI,109.6,0,8,16
0022200029,IND,DET,124.56,1,9,28
0022200029,DET,IND,121.2,0,6,22
0022200030,ORL,BOS,114.12,0,7,16
0022200030,BOS,ORL,107.32,0,9,27
0022200036,SAC,LAC,108.44,0,10,22
0022200036,LAC,SAC,103.68,0,9,16
0022200034,DAL,MEM,120.84,1,12,21
0022200034,MEM,DAL,106.56,0,9,21
0022200033,MIL,HOU,110.24,2,9,28
0022200033,HOU,MIL,114.68,0,13,21
0022200032,CHI,CLE,105.0,1,12,15
0022200032,CLE,CHI,109.92,0,10,12
0022200035,DEN,OKC,116.64,1,7,35
0022200035,OKC,DEN,116.12,0,12,20
0022200031,MIA,TOR,102.88,0,5,25
0022200031,TOR,MIA,105.32,1,12,13
0022200017,CHA,NOP,116.16,1,11,18
0022200017,NOP,CHA,120.28,0,11,24
0022200018,IND,SAS,129.68,0,11,20
0022200018,SAS,IND,117.36,0,12,16
0022200022,MIA,BOS,107.6,1,13,14
0022200022,BOS,MIA,104.6,1,7,21
0022200020,ATL,ORL,113.04,0,15,19
0022200020,ORL,ATL,112.2,0,13,27
0022200019,WAS,CHI,100.84,0,10,18
0022200019,CHI,WAS,106.52,1,12,17
0022200025,MIN,UTA,137.12,0,10,18
0022200025,UTA,MIN,133.24,0,16,16
0022200021,BKN,TOR,105.76,2,8,23
0022200021,TOR,BKN,104.92,0,10,17
0022200023,NYK,DET,116.68,0,9,20
0022200023,DET,NYK,119.08,0,7,18
0022200026,GSW,DEN,117.88,0,17,5
0022200026,DEN,GSW,117.0,1,14,9
0022200027,POR,PHX,115.84,1,12,25
0022200027,PHX,POR,119.24,3,18,26
0022200024,HOU,MEM,120.2,0,7,14
0022200024,MEM,HOU,122.76,0,11,12
0022200015,PHI,MIL,98.72,2,10,21
0022200015,MIL,PHI,102.16,0,8,23
0022200016,LAL,LAC,115.44,1,16,23
0022200016,LAC,LAL,115.64,0,9,26
0022200014,SAC,POR,108.36,0,10,28
0022200014,POR,SAC,113.52,1,12,26
0022200013,PHX,DAL,106.68,0,6,24
0022200013,DAL,PHX,101.96000000000001,0,10,28
0022200011,SAS,CHA,123.24,0,13,14
0022200011,CHA,SAS,119.12,0,9,15
0022200006,BKN,NOP,115.56,1,10,19
0022200006,NOP,BKN,125.0,0,13,20
0022200007,MIA,CHI,111.32,1,11,20
0022200007,CHI,MIA,119.32,0,15,24
0022200012,UTA,DEN,115.64,0,16,14
0022200012,DEN,UTA,111.92,1,15,12
0022200003,DET,ORL,116.56,0,14,11
0022200003,ORL,DET,112.36,1,5,23
0022200004,IND,WAS,121.24,1,14,16
0022200004,WAS,IND,118.56,0,10,17
0022200010,MIN,OKC,122.52,1,9,26
0022200010,OKC,MIN,121.68,0,10,19
0022200005,ATL,HOU,109.56,1,15,13
0022200005,HOU,ATL,119.6,0,8,24
0022200008,TOR,CLE,113.08,0,16,21
0022200008,CLE,TOR,104.12,0,9,26
0022200009,MEM,NYK,131.12,0,9,43
0022200009,NYK,MEM,128.92,1,9,28
0022200002,GSW,LAL,127.12,1,14,20
0022200002,LAL,GSW,126.0,0,14,18
0022200001,BOS,PHI,104.32,0,13,20
0022200001,PHI,BOS,106.32,1,10,15
